"Date (UTC)","Timestamp (UTC)","Price"
"03-28-2025 23:00","1743202806","0.21"
"03-29-2025 00:00","1743206406","0.21"
"03-29-2025 01:00","1743210006","0.21"
"03-29-2025 02:00","1743213605","0.21"
"03-29-2025 03:00","1743217206","0.21"
"03-29-2025 04:00","1743220806","0.21"
"03-29-2025 05:00","1743224405","0.21"
"03-29-2025 06:00","1743228005","0.21"
"03-29-2025 07:00","1743231606","0.21"
"03-29-2025 08:00","1743235205","0.21"
"03-29-2025 09:00","1743238805","0.21"
"03-29-2025 10:00","1743242405","0.21"
"03-29-2025 11:00","1743246005","0.21"
"03-29-2025 12:00","1743249606","0.21"
"03-29-2025 13:00","1743253205","0.21"
"03-29-2025 14:00","1743256806","0.21"
"03-29-2025 15:00","1743260405","0.21"
"03-29-2025 16:00","1743264005","0.21"
"03-29-2025 17:00","1743267605","0.21"
"03-29-2025 18:00","1743271205","0.21"
"03-29-2025 19:00","1743274806","0.21"
"03-29-2025 20:00","1743278406","0.21"
"03-29-2025 21:00","1743282005","0.21"
"03-29-2025 22:00","1743285605","0.21"
"03-29-2025 23:00","1743289206","0.21"
"03-30-2025 00:00","1743292806","0.21"
"03-30-2025 01:00","1743296406","0.21"
"03-30-2025 03:00","1743300005","0.21"
"03-30-2025 03:00","1743303605","0.21"
"03-30-2025 04:00","1743307205","0.21"
"03-30-2025 05:00","1743310805","0.21"
"03-30-2025 06:00","1743314405","0.21"
"03-30-2025 07:00","1743318006","0.21"
"03-30-2025 08:00","1743321606","0.21"
"03-30-2025 09:00","1743325206","0.21"
"03-30-2025 10:00","1743328806","0.21"
"03-30-2025 11:00","1743332406","0.21"
"03-30-2025 12:00","1743336006","0.21"
"03-30-2025 13:00","1743339606","0.21"
"03-30-2025 14:00","1743343205","0.21"
"03-30-2025 15:00","1743346806","0.21"
"03-30-2025 16:00","1743350405","0.21"
"03-30-2025 17:00","1743354005","0.21"
"03-30-2025 18:00","1743357605","0.21"
"03-30-2025 19:00","1743361206","0.21"
"03-30-2025 20:00","1743364805","0.21"
"03-30-2025 21:00","1743368405","0.21"
"03-30-2025 22:00","1743372005","0.21"
"03-30-2025 23:00","1743375606","0.21"
"03-31-2025 00:00","1743379205","0.22"
"03-31-2025 01:00","1743382805","0.22"
"03-31-2025 02:00","1743386406","0.22"
"03-31-2025 03:00","1743390005","0.22"
"03-31-2025 04:00","1743393605","0.22"
"03-31-2025 05:00","1743397206","0.22"
"03-31-2025 06:00","1743400805","0.22"
"03-31-2025 07:00","1743404405","0.22"
"03-31-2025 08:00","1743408006","0.22"
"03-31-2025 09:00","1743411605","0.22"
"03-31-2025 10:00","1743415205","0.22"
"03-31-2025 11:00","1743418805","0.22"
"03-31-2025 12:00","1743422406","0.22"
"03-31-2025 13:00","1743426005","0.22"
"03-31-2025 14:00","1743429605","0.22"
"03-31-2025 15:00","1743433206","0.22"
"03-31-2025 16:00","1743436806","0.22"
"03-31-2025 17:00","1743440405","0.22"
"03-31-2025 18:00","1743444006","0.22"
"03-31-2025 19:00","1743447605","0.22"
"03-31-2025 20:00","1743451206","0.22"
"03-31-2025 21:00","1743454805","0.23"
"03-31-2025 22:00","1743458405","0.23"
"03-31-2025 23:00","1743462006","0.23"
"04-01-2025 00:00","1743465605","0.23"
"04-01-2025 01:00","1743469206","0.23"
"04-01-2025 02:00","1743472806","0.23"
"04-01-2025 03:00","1743476406","0.23"
"04-01-2025 04:00","1743480006","0.23"
"04-01-2025 05:00","1743483605","0.23"
"04-01-2025 06:00","1743487205","0.23"
"04-01-2025 07:00","1743490806","0.23"
"04-01-2025 08:00","1743494405","0.235"
"04-01-2025 09:00","1743498005","0.235"
"04-01-2025 10:00","1743501605","0.225"
"04-01-2025 11:00","1743505206","0.225"
"04-01-2025 12:00","1743508805","0.225"
"04-01-2025 13:00","1743512406","0.225"
"04-01-2025 14:00","1743516005","0.225"
"04-01-2025 15:00","1743519605","0.22"
"04-01-2025 16:00","1743523205","0.225"
"04-01-2025 17:00","1743526805","0.225"
"04-01-2025 18:00","1743530405","0.225"
"04-01-2025 19:00","1743534005","0.225"
"04-01-2025 20:00","1743537606","0.225"
"04-01-2025 21:00","1743541205","0.225"
"04-01-2025 22:00","1743544806","0.225"
"04-01-2025 23:00","1743548406","0.225"
"04-02-2025 00:00","1743552006","0.225"
"04-02-2025 01:00","1743555606","0.225"
"04-02-2025 02:00","1743559206","0.225"
"04-02-2025 03:00","1743562806","0.225"
"04-02-2025 04:00","1743566405","0.225"
"04-02-2025 05:00","1743570005","0.225"
"04-02-2025 06:00","1743573605","0.225"
"04-02-2025 07:00","1743577204","0.225"
"04-02-2025 08:00","1743580805","0.225"
"04-02-2025 09:00","1743584404","0.225"
"04-02-2025 10:00","1743588005","0.225"
"04-02-2025 11:00","1743591605","0.22"
"04-02-2025 12:00","1743595205","0.22"
"04-02-2025 13:00","1743598805","0.22"
"04-02-2025 14:00","1743602405","0.22"
"04-02-2025 15:00","1743606005","0.22"
"04-02-2025 16:00","1743609606","0.22"
"04-02-2025 17:00","1743613206","0.22"
"04-02-2025 18:00","1743616806","0.22"
"04-02-2025 19:00","1743620406","0.22"
"04-02-2025 20:00","1743624006","0.22"
"04-02-2025 21:00","1743627606","0.22"
"04-02-2025 22:00","1743631206","0.22"
"04-02-2025 23:00","1743634806","0.22"
"04-03-2025 00:00","1743638405","0.22"
"04-03-2025 01:00","1743642006","0.22"
"04-03-2025 02:00","1743645606","0.22"
"04-03-2025 03:00","1743649206","0.22"
"04-03-2025 04:00","1743652806","0.22"
"04-03-2025 05:00","1743656405","0.22"
"04-03-2025 06:00","1743660006","0.22"
"04-03-2025 07:00","1743663606","0.22"
"04-03-2025 08:00","1743667205","0.22"
"04-03-2025 09:00","1743670806","0.22"
"04-03-2025 10:00","1743674406","0.22"
"04-03-2025 11:00","1743678005","0.22"
"04-03-2025 12:00","1743681606","0.215"
"04-03-2025 13:00","1743685205","0.215"
"04-03-2025 14:00","1743688805","0.215"
"04-03-2025 15:00","1743692405","0.215"
"04-03-2025 16:00","1743696006","0.215"
"04-03-2025 17:00","1743699606","0.215"
"04-03-2025 18:00","1743703205","0.215"
"04-03-2025 19:00","1743706806","0.215"
"04-03-2025 20:00","1743710407","0.215"
"04-03-2025 21:00","1743714006","0.215"
"04-03-2025 22:00","1743717606","0.215"
"04-03-2025 23:00","1743721206","0.215"
"04-04-2025 00:00","1743724805","0.215"
"04-04-2025 01:00","1743728406","0.215"
"04-04-2025 02:00","1743732006","0.215"
"04-04-2025 03:00","1743735606","0.215"
"04-04-2025 04:00","1743739205","0.215"
"04-04-2025 05:00","1743742805","0.215"
"04-04-2025 06:00","1743746406","0.215"
"04-04-2025 07:00","1743750006","0.215"
"04-04-2025 08:00","1743753606","0.215"
"04-04-2025 09:00","1743757206","0.215"
"04-04-2025 10:00","1743760806","0.215"
"04-04-2025 11:00","1743764405","0.215"
"04-04-2025 12:00","1743768007","0.215"
"04-04-2025 13:00","1743771605","0.215"
"04-04-2025 14:00","1743775206","0.22"
"04-04-2025 15:00","1743778806","0.22"
"04-04-2025 16:00","1743782406","0.22"
"04-04-2025 17:00","1743786006","0.22"
"04-04-2025 18:00","1743789606","0.22"
"04-04-2025 19:00","1743793206","0.22"
"04-04-2025 20:00","1743796806","0.22"
"04-04-2025 21:00","1743800406","0.22"
"04-04-2025 22:00","1743804006","0.22"
"04-04-2025 23:00","1743807606","0.22"
"04-05-2025 00:00","1743811205","0.22"
"04-05-2025 01:00","1743814806","0.22"
"04-05-2025 02:00","1743818406","0.22"
"04-05-2025 03:00","1743822006","0.22"
"04-05-2025 04:00","1743825606","0.22"
"04-05-2025 05:00","1743829206","0.22"
"04-05-2025 06:00","1743832805","0.22"
"04-05-2025 07:00","1743836405","0.22"
"04-05-2025 08:00","1743840005","0.22"
"04-05-2025 09:00","1743843605","0.22"
"04-05-2025 10:00","1743847205","0.22"
"04-05-2025 11:00","1743850806","0.22"
"04-05-2025 12:00","1743854406","0.22"
"04-05-2025 13:00","1743858005","0.22"
"04-05-2025 14:00","1743861605","0.22"
"04-05-2025 15:00","1743865205","0.22"
"04-05-2025 16:00","1743868805","0.22"
"04-05-2025 17:00","1743872405","0.22"
"04-05-2025 18:00","1743876006","0.22"
"04-05-2025 19:00","1743879606","0.22"
"04-05-2025 20:00","1743883206","0.22"
"04-05-2025 21:00","1743886806","0.225"
"04-05-2025 22:00","1743890405","0.225"
"04-05-2025 23:00","1743894006","0.225"
"04-06-2025 00:00","1743897605","0.225"
"04-06-2025 01:00","1743901205","0.225"
"04-06-2025 02:00","1743904806","0.225"
"04-06-2025 03:00","1743908405","0.225"
"04-06-2025 04:00","1743912006","0.225"
"04-06-2025 05:00","1743915605","0.225"
"04-06-2025 06:00","1743919206","0.225"
"04-06-2025 07:00","1743922807","0.225"
"04-06-2025 08:00","1743926406","0.225"
"04-06-2025 09:00","1743930006","0.225"
"04-06-2025 10:00","1743933606","0.22"
"04-06-2025 11:00","1743937205","0.22"
"04-06-2025 12:00","1743940805","0.22"
"04-06-2025 13:00","1743944405","0.22"
"04-06-2025 14:00","1743948005","0.22"
"04-06-2025 15:00","1743951606","0.22"
"04-06-2025 16:00","1743955206","0.22"
"04-06-2025 17:00","1743958806","0.22"
"04-06-2025 18:00","1743962405","0.22"
"04-06-2025 19:00","1743966005","0.22"
"04-06-2025 20:00","1743969606","0.22"
"04-06-2025 21:00","1743973205","0.22"
"04-06-2025 22:00","1743976805","0.22"
"04-06-2025 23:00","1743980406","0.22"
"04-07-2025 00:00","1743984006","0.22"
"04-07-2025 01:00","1743987606","0.22"
"04-07-2025 02:00","1743991206","0.22"
"04-07-2025 03:00","1743994805","0.22"
"04-07-2025 04:00","1743998405","0.225"
"04-07-2025 05:00","1744002006","0.22"
"04-07-2025 06:00","1744005605","0.22"
"04-07-2025 07:00","1744009206","0.22"
"04-07-2025 08:00","1744012805","0.22"
"04-07-2025 09:00","1744016405","0.22"
"04-07-2025 10:00","1744020005","0.22"
"04-07-2025 11:00","1744023605","0.22"
"04-07-2025 12:00","1744027205","0.22"
"04-07-2025 13:00","1744030805","0.225"
"04-07-2025 14:00","1744034405","0.225"
"04-07-2025 15:00","1744038005","0.225"
"04-07-2025 16:00","1744041606","0.225"
"04-07-2025 17:00","1744045205","0.22"
"04-07-2025 18:00","1744048806","0.22"
"04-07-2025 19:00","1744052405","0.22"
"04-07-2025 20:00","1744056006","0.22"
"04-07-2025 21:00","1744059606","0.225"
"04-07-2025 22:00","1744063206","0.225"
"04-07-2025 23:00","1744066806","0.225"
"04-08-2025 00:00","1744070406","0.225"
"04-08-2025 01:00","1744074005","0.225"
"04-08-2025 02:00","1744077606","0.225"
"04-08-2025 03:00","1744081206","0.225"
"04-08-2025 04:00","1744084806","0.225"
"04-08-2025 05:00","1744088405","0.225"
"04-08-2025 06:00","1744092006","0.225"
"04-08-2025 07:00","1744095606","0.225"
"04-08-2025 08:00","1744099206","0.225"
"04-08-2025 09:00","1744102805","0.225"
"04-08-2025 10:00","1744106405","0.225"
"04-08-2025 11:00","1744110006","0.225"
"04-08-2025 12:00","1744113606","0.225"
"04-08-2025 13:00","1744117206","0.225"
"04-08-2025 14:00","1744120806","0.225"
"04-08-2025 15:00","1744124405","0.225"
"04-08-2025 16:00","1744128006","0.225"
"04-08-2025 17:00","1744131605","0.225"
"04-08-2025 18:00","1744135205","0.225"
"04-08-2025 19:00","1744138806","0.225"
"04-08-2025 20:00","1744142405","0.225"
"04-08-2025 21:00","1744146006","0.225"
"04-08-2025 22:00","1744149605","0.225"
"04-08-2025 23:00","1744153205","0.225"
"04-09-2025 00:00","1744156806","0.225"
"04-09-2025 01:00","1744160406","0.225"
"04-09-2025 02:00","1744164006","0.225"
"04-09-2025 03:00","1744167606","0.225"
"04-09-2025 04:00","1744171206","0.225"
"04-09-2025 05:00","1744174806","0.225"
"04-09-2025 06:00","1744178405","0.225"
"04-09-2025 07:00","1744182006","0.225"
"04-09-2025 08:00","1744185606","0.225"
"04-09-2025 09:00","1744189206","0.225"
"04-09-2025 10:00","1744192806","0.225"
"04-09-2025 11:00","1744196406","0.225"
"04-09-2025 12:00","1744200006","0.225"
"04-09-2025 13:00","1744203606","0.225"
"04-09-2025 14:00","1744207206","0.225"
"04-09-2025 15:00","1744210806","0.225"
"04-09-2025 16:00","1744214405","0.225"
"04-09-2025 17:00","1744218005","0.225"
"04-09-2025 18:00","1744221605","0.225"
"04-09-2025 19:00","1744225206","0.225"
"04-09-2025 20:00","1744228806","0.225"
"04-09-2025 21:00","1744232405","0.225"
"04-09-2025 22:00","1744236006","0.23"
"04-09-2025 23:00","1744239605","0.23"
"04-10-2025 00:00","1744243205","0.23"
"04-10-2025 01:00","1744246805","0.23"
"04-10-2025 02:00","1744250406","0.23"
"04-10-2025 03:00","1744254005","0.23"
"04-10-2025 04:00","1744257605","0.23"
"04-10-2025 05:00","1744261205","0.23"
"04-10-2025 06:00","1744264804","0.23"
"04-10-2025 07:00","1744268405","0.23"
"04-10-2025 08:00","1744272005","0.23"
"04-10-2025 09:00","1744275606","0.23"
"04-10-2025 10:00","1744279206","0.23"
"04-10-2025 11:00","1744282806","0.23"
"04-10-2025 12:00","1744286406","0.23"
"04-10-2025 13:00","1744290006","0.23"
"04-10-2025 14:00","1744293605","0.23"
"04-10-2025 15:00","1744297205","0.23"
"04-10-2025 16:00","1744300805","0.23"
"04-10-2025 17:00","1744304406","0.23"
"04-10-2025 18:00","1744308005","0.23"
"04-10-2025 19:00","1744311606","0.23"
"04-10-2025 20:00","1744315205","0.23"
"04-10-2025 21:00","1744318804","0.23"
"04-10-2025 22:00","1744322406","0.23"
"04-10-2025 23:00","1744326005","0.23"
"04-11-2025 00:00","1744329605","0.225"
"04-11-2025 01:00","1744333206","0.225"
"04-11-2025 02:00","1744336806","0.225"
"04-11-2025 03:00","1744340406","0.225"
"04-11-2025 04:00","1744344006","0.225"
"04-11-2025 05:00","1744347606","0.225"
"04-11-2025 06:00","1744351206","0.225"
"04-11-2025 07:00","1744354805","0.225"
"04-11-2025 08:00","1744358406","0.225"
"04-11-2025 09:00","1744362006","0.23"
"04-11-2025 10:00","1744365605","0.23"
"04-11-2025 11:00","1744369206","0.23"
"04-11-2025 12:00","1744372806","0.23"
"04-11-2025 13:00","1744376405","0.23"
"04-11-2025 14:00","1744380005","0.23"
"04-11-2025 15:00","1744383606","0.22"
"04-11-2025 16:00","1744387206","0.22"
"04-11-2025 17:00","1744390806","0.22"
"04-11-2025 18:00","1744394406","0.22"
"04-11-2025 19:00","1744398005","0.22"
"04-11-2025 20:00","1744401606","0.22"
"04-11-2025 21:00","1744405206","0.22"
"04-11-2025 22:00","1744408806","0.22"
"04-11-2025 23:00","1744412406","0.22"
"04-12-2025 00:00","1744416006","0.22"
"04-12-2025 01:00","1744419606","0.22"
"04-12-2025 02:00","1744423206","0.22"
"04-12-2025 03:00","1744426806","0.22"
"04-12-2025 04:00","1744430406","0.22"
"04-12-2025 05:00","1744434005","0.22"
"04-12-2025 06:00","1744437605","0.22"
"04-12-2025 07:00","1744441205","0.22"
"04-12-2025 08:00","1744444805","0.22"
"04-12-2025 09:00","1744448405","0.22"
"04-12-2025 10:00","1744452005","0.225"
"04-12-2025 11:00","1744455605","0.225"
"04-12-2025 12:00","1744459205","0.22"
"04-12-2025 13:00","1744462805","0.22"
"04-12-2025 14:00","1744466405","0.22"
"04-12-2025 15:00","1744470005","0.22"
"04-12-2025 16:00","1744473606","0.22"
"04-12-2025 17:00","1744477205","0.22"
"04-12-2025 18:00","1744480805","0.22"
"04-12-2025 19:00","1744484405","0.22"
"04-12-2025 20:00","1744488005","0.22"
"04-12-2025 21:00","1744491605","0.22"
"04-12-2025 22:00","1744495205","0.22"
"04-12-2025 23:00","1744498805","0.22"
"04-13-2025 00:00","1744502405","0.22"
"04-13-2025 01:00","1744506005","0.22"
"04-13-2025 02:00","1744509605","0.22"
"04-13-2025 03:00","1744513206","0.22"
"04-13-2025 04:00","1744516805","0.22"
"04-13-2025 05:00","1744520405","0.22"
"04-13-2025 06:00","1744524006","0.22"
"04-13-2025 07:00","1744527606","0.22"
"04-13-2025 08:00","1744531205","0.22"
"04-13-2025 09:00","1744534806","0.22"
"04-13-2025 10:00","1744538406","0.22"
"04-13-2025 11:00","1744542005","0.22"
"04-13-2025 12:00","1744545605","0.22"
"04-13-2025 13:00","1744549206","0.22"
"04-13-2025 14:00","1744552806","0.22"
"04-13-2025 15:00","1744556407","0.22"
"04-13-2025 16:00","1744560006","0.22"
"04-13-2025 17:00","1744563605","0.22"
"04-13-2025 18:00","1744567205","0.22"
"04-13-2025 19:00","1744570805","0.22"
"04-13-2025 20:00","1744574405","0.22"
"04-13-2025 21:00","1744578006","0.22"
"04-13-2025 22:00","1744581605","0.22"
"04-13-2025 23:00","1744585205","0.22"
"04-14-2025 00:00","1744588805","0.22"
"04-14-2025 01:00","1744592405","0.22"
"04-14-2025 02:00","1744596005","0.22"
"04-14-2025 03:00","1744599605","0.22"
"04-14-2025 04:00","1744603205","0.22"
"04-14-2025 05:00","1744606804","0.22"
"04-14-2025 06:00","1744610404","0.22"
"04-14-2025 07:00","1744614004","0.22"
"04-14-2025 08:00","1744617605","0.22"
"04-14-2025 09:00","1744621205","0.22"
"04-14-2025 10:00","1744624805","0.22"
"04-14-2025 11:00","1744628405","0.22"
"04-14-2025 12:00","1744632004","0.22"
"04-14-2025 13:00","1744635605","0.22"
"04-14-2025 14:00","1744639205","0.22"
"04-14-2025 15:00","1744642805","0.215"
"04-14-2025 16:00","1744646404","0.21"
"04-14-2025 17:00","1744650005","0.21"
"04-14-2025 18:00","1744653604","0.21"
"04-14-2025 19:00","1744657205","0.21"
"04-14-2025 20:00","1744660805","0.21"
"04-14-2025 21:00","1744664405","0.21"
"04-14-2025 22:00","1744668004","0.21"
"04-14-2025 23:00","1744671605","0.21"
"04-15-2025 00:00","1744675205","0.21"
"04-15-2025 01:00","1744678805","0.21"
"04-15-2025 02:00","1744682405","0.21"
"04-15-2025 03:00","1744686004","0.21"
"04-15-2025 04:00","1744689605","0.21"
"04-15-2025 05:00","1744693205","0.21"
"04-15-2025 06:00","1744696804","0.21"
"04-15-2025 07:00","1744700437","0.21"
"04-15-2025 08:00","1744704004","0.21"
"04-15-2025 09:00","1744707605","0.21"
"04-15-2025 10:00","1744711206","0.21"
"04-15-2025 11:00","1744714805","0.21"
"04-15-2025 12:00","1744718405","0.21"
"04-15-2025 13:00","1744722005","0.21"
"04-15-2025 14:00","1744725605","0.21"
"04-15-2025 15:00","1744729205","0.21"
"04-15-2025 16:00","1744732805","0.21"
"04-15-2025 17:00","1744736405","0.21"
"04-15-2025 18:00","1744740005","0.21"
"04-15-2025 19:00","1744743606","0.21"
"04-15-2025 20:00","1744747206","0.21"
"04-15-2025 21:00","1744750806","0.21"
"04-15-2025 22:00","1744754405","0.21"
"04-15-2025 23:00","1744758005","0.21"
"04-16-2025 00:00","1744761605","0.21"
"04-16-2025 01:00","1744765205","0.21"
"04-16-2025 02:00","1744768806","0.21"
"04-16-2025 03:00","1744772405","0.21"
"04-16-2025 04:00","1744776005","0.21"
"04-16-2025 05:00","1744779606","0.21"
"04-16-2025 06:00","1744783205","0.21"
"04-16-2025 07:00","1744786805","0.21"
"04-16-2025 08:00","1744790406","0.21"
"04-16-2025 09:00","1744794006","0.21"
"04-16-2025 10:00","1744797606","0.21"
"04-16-2025 11:00","1744801207","0.21"
"04-16-2025 12:00","1744804806","0.21"
"04-16-2025 13:00","1744808406","0.21"
"04-16-2025 14:00","1744812006","0.21"
"04-16-2025 15:00","1744815606","0.21"
"04-16-2025 16:00","1744819206","0.21"
"04-16-2025 17:00","1744822806","0.21"
"04-16-2025 18:00","1744826405","0.21"
"04-16-2025 19:00","1744830005","0.21"
"04-16-2025 20:00","1744833605","0.21"
"04-16-2025 21:00","1744837205","0.21"
"04-16-2025 22:00","1744840806","0.21"
"04-16-2025 23:00","1744844405","0.21"
"04-17-2025 00:00","1744848006","0.21"
"04-17-2025 01:00","1744851605","0.21"
"04-17-2025 02:00","1744855205","0.21"
"04-17-2025 03:00","1744858806","0.21"
"04-17-2025 04:00","1744862405","0.21"
"04-17-2025 05:00","1744866005","0.21"
"04-17-2025 06:00","1744869605","0.21"
"04-17-2025 07:00","1744873206","0.21"
"04-17-2025 08:00","1744876806","0.21"
"04-17-2025 09:00","1744880405","0.21"
"04-17-2025 10:00","1744884005","0.21"
"04-17-2025 11:00","1744887605","0.21"
"04-17-2025 12:00","1744891205","0.21"
"04-17-2025 13:00","1744894806","0.21"
"04-17-2025 14:00","1744898406","0.21"
"04-17-2025 15:00","1744902006","0.21"
"04-17-2025 16:00","1744905606","0.195"
"04-17-2025 17:00","1744909205","0.2"
"04-17-2025 18:00","1744912806","0.2"
"04-17-2025 19:00","1744916406","0.2"
"04-17-2025 20:00","1744920005","0.2"
"04-17-2025 21:00","1744923605","0.2"
"04-17-2025 22:00","1744927205","0.2"
"04-17-2025 23:00","1744930806","0.2"
"04-18-2025 00:00","1744934404","0.2"
"04-18-2025 01:00","1744938005","0.2"
"04-18-2025 02:00","1744941606","0.2"
"04-18-2025 03:00","1744945206","0.2"
"04-18-2025 04:00","1744948805","0.2"
"04-18-2025 05:00","1744952405","0.19"
"04-18-2025 06:00","1744956005","0.19"
"04-18-2025 07:00","1744959606","0.19"
"04-18-2025 08:00","1744963206","0.19"
"04-18-2025 09:00","1744966806","0.19"
"04-18-2025 10:00","1744970406","0.19"
"04-18-2025 11:00","1744974006","0.19"
"04-18-2025 12:00","1744977605","0.19"
"04-18-2025 13:00","1744981205","0.19"
"04-18-2025 14:00","1744984806","0.19"
"04-18-2025 15:00","1744988405","0.19"
"04-18-2025 16:00","1744992006","0.19"
"04-18-2025 17:00","1744995606","0.19"
"04-18-2025 18:00","1744999205","0.19"
"04-18-2025 19:00","1745002806","0.19"
"04-18-2025 20:00","1745006406","0.19"
"04-18-2025 21:00","1745010005","0.19"
"04-18-2025 22:00","1745013606","0.19"
"04-18-2025 23:00","1745017206","0.19"
"04-19-2025 00:00","1745020806","0.19"
"04-19-2025 01:00","1745024406","0.19"
"04-19-2025 02:00","1745028006","0.19"
"04-19-2025 03:00","1745031607","0.19"
"04-19-2025 04:00","1745035206","0.19"
"04-19-2025 05:00","1745038806","0.19"
"04-19-2025 06:00","1745042405","0.19"
"04-19-2025 07:00","1745046005","0.19"
"04-19-2025 08:00","1745049606","0.19"
"04-19-2025 09:00","1745053205","0.19"
"04-19-2025 10:00","1745056807","0.19"
"04-19-2025 11:00","1745060406","0.19"
"04-19-2025 12:00","1745064006","0.19"
"04-19-2025 13:00","1745067606","0.19"
"04-19-2025 14:00","1745071206","0.19"
"04-19-2025 15:00","1745074805","0.19"
"04-19-2025 16:00","1745078405","0.185"
"04-19-2025 17:00","1745082006","0.185"
"04-19-2025 18:00","1745085606","0.185"
"04-19-2025 19:00","1745089206","0.185"
"04-19-2025 20:00","1745092805","0.185"
"04-19-2025 21:00","1745096406","0.185"
"04-19-2025 22:00","1745100006","0.185"
"04-19-2025 23:00","1745103607","0.185"
"04-20-2025 00:00","1745107206","0.185"
"04-20-2025 01:00","1745110806","0.185"
"04-20-2025 02:00","1745114406","0.185"
"04-20-2025 03:00","1745118006","0.19"
"04-20-2025 04:00","1745121606","0.19"
"04-20-2025 05:00","1745125207","0.19"
"04-20-2025 06:00","1745128807","0.19"
"04-20-2025 07:00","1745132406","0.19"
"04-20-2025 08:00","1745136006","0.19"
"04-20-2025 09:00","1745139606","0.19"
"04-20-2025 10:00","1745143206","0.19"
"04-20-2025 11:00","1745146806","0.19"
"04-20-2025 12:00","1745150406","0.19"
"04-20-2025 13:00","1745154006","0.19"
"04-20-2025 14:00","1745157606","0.19"
"04-20-2025 15:00","1745161206","0.19"
"04-20-2025 16:00","1745164806","0.19"
"04-20-2025 17:00","1745168407","0.19"
"04-20-2025 18:00","1745172005","0.19"
"04-20-2025 19:00","1745175606","0.19"
"04-20-2025 20:00","1745179206","0.19"
"04-20-2025 21:00","1745182806","0.19"
"04-20-2025 22:00","1745186406","0.19"
"04-20-2025 23:00","1745190006","0.19"
"04-21-2025 00:00","1745193606","0.19"
"04-21-2025 01:00","1745197206","0.19"
"04-21-2025 02:00","1745200806","0.19"
"04-21-2025 03:00","1745204407","0.19"
"04-21-2025 04:00","1745208006","0.19"
"04-21-2025 05:00","1745211606","0.19"
"04-21-2025 06:00","1745215206","0.19"
"04-21-2025 07:00","1745218806","0.19"
"04-21-2025 08:00","1745222406","0.19"
"04-21-2025 09:00","1745226006","0.19"
"04-21-2025 10:00","1745229606","0.19"
"04-21-2025 11:00","1745233206","0.19"
"04-21-2025 12:00","1745236806","0.19"
"04-21-2025 13:00","1745240406","0.19"
"04-21-2025 14:00","1745244006","0.19"
"04-21-2025 15:00","1745247606","0.19"
"04-21-2025 16:00","1745251206","0.19"
"04-21-2025 17:00","1745254806","0.19"
"04-21-2025 18:00","1745258406","0.19"
"04-21-2025 19:00","1745262006","0.19"
"04-21-2025 20:00","1745265607","0.19"
"04-21-2025 21:00","1745269206","0.19"
"04-21-2025 22:00","1745272806","0.19"
"04-21-2025 23:00","1745276406","0.18"
"04-22-2025 00:00","1745280006","0.18"
"04-22-2025 01:00","1745283606","0.18"
"04-22-2025 02:00","1745287207","0.17"
"04-22-2025 03:00","1745290805","0.17"
"04-22-2025 04:00","1745294406","0.185"
"04-22-2025 05:00","1745298005","0.175"
"04-22-2025 06:00","1745301606","0.175"
"04-22-2025 07:00","1745305206","0.18"
"04-22-2025 08:00","1745308806","0.175"
"04-22-2025 09:00","1745312406","0.17"
"04-22-2025 10:00","1745316006","0.17"
"04-22-2025 11:00","1745319606","0.17"
"04-22-2025 12:00","1745323207","0.17"
"04-22-2025 13:00","1745326806","0.17"
"04-22-2025 14:00","1745330406","0.17"
"04-22-2025 15:00","1745334006","0.17"
"04-22-2025 16:00","1745337606","0.175"
"04-22-2025 17:00","1745341206","0.175"
"04-22-2025 18:00","1745344806","0.175"
"04-22-2025 19:00","1745348406","0.175"
"04-22-2025 20:00","1745352007","0.175"
"04-22-2025 21:00","1745355607","0.185"
"04-22-2025 22:00","1745359207","0.175"
"04-22-2025 23:00","1745362806","0.175"
"04-23-2025 00:00","1745366407","0.175"
"04-23-2025 01:00","1745370007","0.175"
"04-23-2025 02:00","1745373606","0.175"
"04-23-2025 03:00","1745377206","0.175"
"04-23-2025 04:00","1745380806","0.175"
"04-23-2025 05:00","1745384407","0.175"
"04-23-2025 06:00","1745388006","0.175"
"04-23-2025 07:00","1745391606","0.175"
"04-23-2025 08:00","1745395206","0.175"
"04-23-2025 09:00","1745398807","0.175"
"04-23-2025 10:00","1745402406","0.175"
"04-23-2025 11:00","1745406006","0.175"
"04-23-2025 12:00","1745409606","0.175"
"04-23-2025 13:00","1745413206","0.175"
"04-23-2025 14:00","1745416806","0.18"
"04-23-2025 15:00","1745420405","0.175"
"04-23-2025 16:00","1745424006","0.175"
"04-23-2025 17:00","1745427606","0.175"
"04-23-2025 18:00","1745431206","0.175"
"04-23-2025 19:00","1745434806","0.175"
"04-23-2025 20:00","1745438406","0.175"
"04-23-2025 21:00","1745442006","0.175"
"04-23-2025 22:00","1745445606","0.175"
"04-23-2025 23:00","1745449206","0.175"
"04-24-2025 00:00","1745452806","0.175"
"04-24-2025 01:00","1745456406","0.175"
"04-24-2025 02:00","1745460006","0.175"
"04-24-2025 03:00","1745463606","0.175"
"04-24-2025 04:00","1745467206","0.175"
"04-24-2025 05:00","1745470806","0.175"
"04-24-2025 06:00","1745474406","0.175"
"04-24-2025 07:00","1745478007","0.175"
"04-24-2025 08:00","1745481606","0.185"
"04-24-2025 09:00","1745485206","0.185"
"04-24-2025 10:00","1745488806","0.185"
"04-24-2025 11:00","1745492406","0.185"
"04-24-2025 12:00","1745496006","0.185"
"04-24-2025 13:00","1745499605","0.185"
"04-24-2025 14:00","1745503206","0.185"
"04-24-2025 15:00","1745506806","0.185"
"04-24-2025 16:00","1745510406","0.185"
"04-24-2025 17:00","1745514006","0.185"
"04-24-2025 18:00","1745517606","0.185"
"04-24-2025 19:00","1745521206","0.185"
"04-24-2025 20:00","1745524806","0.185"
"04-24-2025 21:00","1745528406","0.185"
"04-24-2025 22:00","1745532006","0.185"
"04-24-2025 23:00","1745535606","0.185"
"04-25-2025 00:00","1745539206","0.185"
"04-25-2025 01:00","1745542806","0.185"
"04-25-2025 02:00","1745546406","0.185"
"04-25-2025 03:00","1745550005","0.185"
"04-25-2025 04:00","1745553606","0.185"
"04-25-2025 05:00","1745557206","0.185"
"04-25-2025 06:00","1745560806","0.185"
"04-25-2025 07:00","1745564406","0.185"
"04-25-2025 08:00","1745568006","0.185"
"04-25-2025 09:00","1745571606","0.185"
"04-25-2025 10:00","1745575206","0.185"
"04-25-2025 11:00","1745578806","0.185"
"04-25-2025 12:00","1745582406","0.185"
"04-25-2025 13:00","1745586006","0.185"
"04-25-2025 14:00","1745589606","0.185"
"04-25-2025 15:00","1745593206","0.185"
"04-25-2025 16:00","1745596806","0.185"
"04-25-2025 17:00","1745600406","0.185"
"04-25-2025 18:00","1745604006","0.185"
"04-25-2025 19:00","1745607606","0.185"
"04-25-2025 20:00","1745611206","0.185"
"04-25-2025 21:00","1745614806","0.185"
"04-25-2025 22:00","1745618406","0.185"
"04-25-2025 23:00","1745622006","0.185"
"04-26-2025 00:00","1745625606","0.185"
"04-26-2025 01:00","1745629206","0.185"
"04-26-2025 02:00","1745632807","0.185"
"04-26-2025 03:00","1745636406","0.185"
"04-26-2025 04:00","1745640005","0.185"
"04-26-2025 05:00","1745643606","0.185"
"04-26-2025 06:00","1745647206","0.185"
"04-26-2025 07:00","1745650806","0.185"
"04-26-2025 08:00","1745654406","0.185"
"04-26-2025 09:00","1745658005","0.185"
"04-26-2025 10:00","1745661606","0.185"
"04-26-2025 11:00","1745665205","0.185"
"04-26-2025 12:00","1745668806","0.185"
"04-26-2025 13:00","1745672406","0.185"
"04-26-2025 14:00","1745676005","0.185"
"04-26-2025 15:00","1745679606","0.19"
"04-26-2025 16:00","1745683206","0.195"
"04-26-2025 17:00","1745686806","0.195"
"04-26-2025 18:00","1745690405","0.195"
"04-26-2025 19:00","1745694006","0.195"
"04-26-2025 20:00","1745697606","0.195"
"04-26-2025 21:00","1745701206","0.195"
"04-26-2025 22:00","1745704806","0.195"
"04-26-2025 23:00","1745708405","0.195"
"04-27-2025 00:00","1745712005","0.195"
"04-27-2025 01:00","1745715606","0.195"
"04-27-2025 02:00","1745719206","0.195"
"04-27-2025 03:00","1745722805","0.195"
"04-27-2025 04:00","1745726405","0.195"
"04-27-2025 05:00","1745730005","0.195"
"04-27-2025 06:00","1745733606","0.195"
"04-27-2025 07:00","1745737205","0.195"
"04-27-2025 08:00","1745740805","0.195"
"04-27-2025 09:00","1745744406","0.195"
"04-27-2025 10:00","1745748005","0.195"
"04-27-2025 11:00","1745751605","0.195"
"04-27-2025 12:00","1745755206","0.195"
"04-27-2025 13:00","1745758805","0.195"
"04-27-2025 14:00","1745762405","0.195"
"04-27-2025 15:00","1745766006","0.195"
"04-27-2025 16:00","1745769605","0.195"
"04-27-2025 17:00","1745773206","0.195"
"04-27-2025 18:00","1745776806","0.195"
"04-27-2025 19:00","1745780406","0.195"
"04-27-2025 20:00","1745784005","0.195"
"04-27-2025 21:00","1745787605","0.195"
"04-27-2025 22:00","1745791206","0.195"
"04-27-2025 23:00","1745794805","0.195"
"04-28-2025 00:00","1745798405","0.195"
"04-28-2025 01:00","1745802006","0.195"
"04-28-2025 02:00","1745805606","0.195"
"04-28-2025 03:00","1745809206","0.195"
"04-28-2025 04:00","1745812805","0.195"
"04-28-2025 05:00","1745816406","0.195"
"04-28-2025 06:00","1745820006","0.195"
"04-28-2025 07:00","1745823605","0.195"
"04-28-2025 08:00","1745827205","0.185"
"04-28-2025 09:00","1745830806","0.195"
"04-28-2025 10:00","1745834406","0.195"
"04-28-2025 11:00","1745838006","0.195"
"04-28-2025 12:00","1745841606","0.195"
"04-28-2025 13:00","1745845205","0.195"
"04-28-2025 14:00","1745848806","0.195"
"04-28-2025 15:00","1745852406","0.195"
"04-28-2025 16:00","1745856005","0.195"
"04-28-2025 17:00","1745859606","0.195"
"04-28-2025 18:00","1745863205","0.195"
"04-28-2025 19:00","1745866806","0.195"
"04-28-2025 20:00","1745870406","0.195"
"04-28-2025 21:00","1745874005","0.195"
"04-28-2025 22:00","1745877605","0.195"
"04-28-2025 23:00","1745881205","0.195"
"04-29-2025 00:00","1745884805","0.195"
"04-29-2025 01:00","1745888406","0.195"
"04-29-2025 02:00","1745892006","0.195"
"04-29-2025 03:00","1745895605","0.195"
"04-29-2025 04:00","1745899206","0.195"
"04-29-2025 05:00","1745902806","0.195"
"04-29-2025 06:00","1745906406","0.195"
"04-29-2025 07:00","1745910006","0.195"
"04-29-2025 08:00","1745913605","0.2"
"04-29-2025 09:00","1745917205","0.2"
"04-29-2025 10:00","1745920806","0.2"
"04-29-2025 11:00","1745924405","0.2"
"04-29-2025 12:00","1745928005","0.2"
"04-29-2025 13:00","1745931605","0.2"
"04-29-2025 14:00","1745935206","0.2"
"04-29-2025 15:00","1745938806","0.2"
"04-29-2025 16:00","1745942406","0.2"
"04-29-2025 17:00","1745946006","0.2"
"04-29-2025 18:00","1745949606","0.2"
"04-29-2025 19:00","1745953206","0.2"
"04-29-2025 20:00","1745956805","0.2"
"04-29-2025 21:00","1745960406","0.2"
"04-29-2025 22:00","1745964006","0.2"
"04-29-2025 23:00","1745967606","0.2"
"04-30-2025 00:00","1745971206","0.2"
"04-30-2025 01:00","1745974805","0.2"
"04-30-2025 02:00","1745978406","0.2"
"04-30-2025 03:00","1745982006","0.2"
"04-30-2025 04:00","1745985606","0.2"
"04-30-2025 05:00","1745989206","0.2"
"04-30-2025 06:00","1745992806","0.195"
"04-30-2025 07:00","1745996406","0.195"
"04-30-2025 08:00","1746000006","0.195"
"04-30-2025 09:00","1746003605","0.195"
"04-30-2025 10:00","1746007206","0.195"
"04-30-2025 11:00","1746010805","0.195"
"04-30-2025 12:00","1746014406","0.195"
"04-30-2025 13:00","1746018005","0.195"
"04-30-2025 14:00","1746021606","0.195"
"04-30-2025 15:00","1746025206","0.195"
"04-30-2025 16:00","1746028806","0.195"
"04-30-2025 17:00","1746032405","0.195"
"04-30-2025 18:00","1746036006","0.195"
"04-30-2025 19:00","1746039606","0.195"
"04-30-2025 20:00","1746043206","0.195"
"04-30-2025 21:00","1746046806","0.195"
"04-30-2025 22:00","1746050406","0.195"
"04-30-2025 23:00","1746054006","0.195"
"05-01-2025 00:00","1746057606","0.195"
"05-01-2025 01:00","1746061206","0.195"
"05-01-2025 02:00","1746064805","0.195"
"05-01-2025 03:00","1746068405","0.195"
"05-01-2025 04:00","1746072005","0.195"
"05-01-2025 05:00","1746075605","0.195"
"05-01-2025 06:00","1746079206","0.165"
"05-01-2025 07:00","1746082806","0.165"
"05-01-2025 08:00","1746086405","0.165"
"05-01-2025 09:00","1746090005","0.165"
"05-01-2025 10:00","1746093606","0.165"
"05-01-2025 11:00","1746097205","0.165"
"05-01-2025 12:00","1746100805","0.165"
"05-01-2025 13:00","1746104406","0.165"
"05-01-2025 14:00","1746108005","0.165"
"05-01-2025 15:00","1746111605","0.165"
"05-01-2025 16:00","1746115205","0.165"
"05-01-2025 17:00","1746118806","0.16"
"05-01-2025 18:00","1746122406","0.16"
"05-01-2025 19:00","1746126006","0.16"
"05-01-2025 20:00","1746129606","0.16"
"05-01-2025 21:00","1746133206","0.16"
"05-01-2025 22:00","1746136806","0.16"
"05-01-2025 23:00","1746140406","0.16"
"05-02-2025 00:00","1746144006","0.16"
"05-02-2025 01:00","1746147605","0.16"
"05-02-2025 02:00","1746151206","0.16"
"05-02-2025 03:00","1746154805","0.16"
"05-02-2025 04:00","1746158406","0.16"
"05-02-2025 05:00","1746162005","0.155"
"05-02-2025 06:00","1746165605","0.155"
"05-02-2025 07:00","1746169205","0.155"
"05-02-2025 08:00","1746172805","0.155"
"05-02-2025 09:00","1746176405","0.155"
"05-02-2025 10:00","1746180005","0.155"
"05-02-2025 11:00","1746183604","0.155"
"05-02-2025 12:00","1746187206","0.155"
"05-02-2025 13:00","1746190804","0.155"
"05-02-2025 14:00","1746194405","0.155"
"05-02-2025 15:00","1746198005","0.155"
"05-02-2025 16:00","1746201606","0.155"
"05-02-2025 17:00","1746205205","0.155"
"05-02-2025 18:00","1746208805","0.155"
"05-02-2025 19:00","1746212406","0.155"
"05-02-2025 20:00","1746216005","0.155"
"05-02-2025 21:00","1746219606","0.155"
"05-02-2025 22:00","1746223206","0.155"
"05-02-2025 23:00","1746226806","0.155"
"05-03-2025 00:00","1746230406","0.155"
"05-03-2025 01:00","1746234006","0.155"
"05-03-2025 02:00","1746237605","0.155"
"05-03-2025 03:00","1746241206","0.155"
"05-03-2025 04:00","1746244806","0.155"
"05-03-2025 05:00","1746248405","0.155"
"05-03-2025 06:00","1746252007","0.155"
"05-03-2025 07:00","1746255605","0.155"
"05-03-2025 08:00","1746259206","0.155"
"05-03-2025 09:00","1746262805","0.155"
"05-03-2025 10:00","1746266406","0.155"
"05-03-2025 11:00","1746270005","0.155"
"05-03-2025 12:00","1746273606","0.155"
"05-03-2025 13:00","1746277205","0.155"
"05-03-2025 14:00","1746280805","0.155"
"05-03-2025 15:00","1746284405","0.155"
"05-03-2025 16:00","1746288006","0.155"
"05-03-2025 17:00","1746291606","0.155"
"05-03-2025 18:00","1746295206","0.155"
"05-03-2025 19:00","1746298806","0.155"
"05-03-2025 20:00","1746302406","0.155"
"05-03-2025 21:00","1746306006","0.155"
"05-03-2025 22:00","1746309605","0.155"
"05-03-2025 23:00","1746313205","0.155"
"05-04-2025 00:00","1746316805","0.155"
"05-04-2025 01:00","1746320406","0.155"
"05-04-2025 02:00","1746324005","0.15"
"05-04-2025 03:00","1746327606","0.15"
"05-04-2025 04:00","1746331205","0.15"
"05-04-2025 05:00","1746334805","0.15"
"05-04-2025 06:00","1746338405","0.15"
"05-04-2025 07:00","1746342005","0.15"
"05-04-2025 08:00","1746345605","0.15"
"05-04-2025 09:00","1746349205","0.15"
"05-04-2025 10:00","1746352805","0.15"
"05-04-2025 11:00","1746356405","0.15"
"05-04-2025 12:00","1746360005","0.15"
"05-04-2025 13:00","1746363605","0.15"
"05-04-2025 14:00","1746367206","0.15"
"05-04-2025 15:00","1746370805","0.15"
"05-04-2025 16:00","1746374405","0.15"
"05-04-2025 17:00","1746378005","0.15"
"05-04-2025 18:00","1746381605","0.15"
"05-04-2025 19:00","1746385204","0.145"
"05-04-2025 20:00","1746388805","0.16"
"05-04-2025 21:00","1746392405","0.16"
"05-04-2025 22:00","1746396005","0.16"
"05-04-2025 23:00","1746399605","0.16"
"05-05-2025 00:00","1746403205","0.16"
"05-05-2025 01:00","1746406805","0.16"
"05-05-2025 02:00","1746410405","0.16"
"05-05-2025 03:00","1746414005","0.16"
"05-05-2025 04:00","1746417605","0.16"
"05-05-2025 05:00","1746421205","0.16"
"05-05-2025 06:00","1746424805","0.16"
"05-05-2025 07:00","1746428405","0.16"
"05-05-2025 08:00","1746432005","0.16"
"05-05-2025 09:00","1746435605","0.165"
"05-05-2025 10:00","1746439204","0.165"
"05-05-2025 11:00","1746442805","0.165"
"05-05-2025 12:00","1746446405","0.165"
"05-05-2025 13:00","1746450005","0.165"
"05-05-2025 14:00","1746453606","0.165"
"05-05-2025 15:00","1746457205","0.165"
"05-05-2025 16:00","1746460805","0.165"
"05-05-2025 17:00","1746464405","0.165"
"05-05-2025 18:00","1746468006","0.165"
"05-05-2025 19:00","1746471605","0.165"
"05-05-2025 20:00","1746475205","0.165"
"05-05-2025 21:00","1746478805","0.165"
"05-05-2025 22:00","1746482406","0.165"
"05-05-2025 23:00","1746486005","0.16"
"05-06-2025 00:00","1746489606","0.16"
"05-06-2025 01:00","1746493205","0.16"
"05-06-2025 02:00","1746496805","0.16"
"05-06-2025 03:00","1746500405","0.16"
"05-06-2025 04:00","1746504005","0.16"
"05-06-2025 05:00","1746507606","0.16"
"05-06-2025 06:00","1746511205","0.16"
"05-06-2025 07:00","1746514805","0.16"
"05-06-2025 08:00","1746518405","0.16"
"05-06-2025 09:00","1746522005","0.16"
"05-06-2025 10:00","1746525605","0.16"
"05-06-2025 11:00","1746529206","0.16"
"05-06-2025 12:00","1746532805","0.16"
"05-06-2025 13:00","1746536405","0.16"
"05-06-2025 14:00","1746540006","0.16"
"05-06-2025 15:00","1746543605","0.16"
"05-06-2025 16:00","1746547206","0.16"
"05-06-2025 17:00","1746550805","0.16"
"05-06-2025 18:00","1746554406","0.16"
"05-06-2025 19:00","1746558006","0.125"
"05-06-2025 20:00","1746561606","0.135"
"05-06-2025 21:00","1746565205","0.135"
"05-06-2025 22:00","1746568806","0.135"
"05-06-2025 23:00","1746572406","0.135"
"05-07-2025 00:00","1746576005","0.135"
"05-07-2025 01:00","1746579606","0.135"
"05-07-2025 02:00","1746583206","0.135"
"05-07-2025 03:00","1746586806","0.135"
"05-07-2025 04:00","1746590406","0.135"
"05-07-2025 05:00","1746594006","0.135"
"05-07-2025 06:00","1746597606","0.135"
"05-07-2025 07:00","1746601206","0.135"
"05-07-2025 08:00","1746604806","0.135"
"05-07-2025 09:00","1746608406","0.135"
"05-07-2025 10:00","1746612006","0.135"
"05-07-2025 11:00","1746615606","0.135"
"05-07-2025 12:00","1746619206","0.135"
"05-07-2025 13:00","1746622806","0.135"
"05-07-2025 14:00","1746626406","0.135"
"05-07-2025 15:00","1746630006","0.135"
"05-07-2025 16:00","1746633606","0.135"
"05-07-2025 17:00","1746637207","0.135"
"05-07-2025 18:00","1746640806","0.135"
"05-07-2025 19:00","1746644406","0.135"
"05-07-2025 20:00","1746648006","0.135"
"05-07-2025 21:00","1746651606","0.135"
"05-07-2025 22:00","1746655206","0.135"
"05-07-2025 23:00","1746658806","0.135"
"05-08-2025 00:00","1746662406","0.135"
"05-08-2025 01:00","1746666006","0.135"
"05-08-2025 02:00","1746669606","0.135"
"05-08-2025 03:00","1746673206","0.135"
"05-08-2025 04:00","1746676806","0.135"
"05-08-2025 05:00","1746680406","0.135"
"05-08-2025 06:00","1746684006","0.135"
"05-08-2025 07:00","1746687606","0.135"
"05-08-2025 08:00","1746691206","0.135"
"05-08-2025 09:00","1746694806","0.135"
"05-08-2025 10:00","1746698406","0.135"
"05-08-2025 11:00","1746702005","0.135"
"05-08-2025 12:00","1746705606","0.135"
"05-08-2025 13:00","1746709206","0.135"
"05-08-2025 14:00","1746712806","0.135"
"05-08-2025 15:00","1746716406","0.135"
"05-08-2025 16:00","1746720006","0.135"
"05-08-2025 17:00","1746723606","0.135"
"05-08-2025 18:00","1746727206","0.135"
"05-08-2025 19:00","1746730806","0.135"
"05-08-2025 20:00","1746734406","0.135"
"05-08-2025 21:00","1746738006","0.135"
"05-08-2025 22:00","1746741606","0.135"
"05-08-2025 23:00","1746745206","0.135"
"05-09-2025 00:00","1746748807","0.135"
"05-09-2025 01:00","1746752407","0.135"
"05-09-2025 02:00","1746756006","0.135"
"05-09-2025 03:00","1746759607","0.135"
"05-09-2025 04:00","1746763206","0.135"
"05-09-2025 05:00","1746766806","0.135"
"05-09-2025 06:00","1746770406","0.135"
"05-09-2025 07:00","1746774006","0.135"
"05-09-2025 08:00","1746777607","0.135"
"05-09-2025 09:00","1746781206","0.135"
"05-09-2025 10:00","1746784806","0.135"
"05-09-2025 11:00","1746788406","0.135"
"05-09-2025 12:00","1746792007","0.135"
"05-09-2025 13:00","1746795607","0.135"
"05-09-2025 14:00","1746799206","0.135"
"05-09-2025 15:00","1746802807","0.135"
"05-09-2025 16:00","1746806407","0.14"
"05-09-2025 17:00","1746810007","0.14"
"05-09-2025 18:00","1746813607","0.14"
"05-09-2025 19:00","1746817207","0.14"
"05-09-2025 20:00","1746820806","0.14"
"05-09-2025 21:00","1746824406","0.14"
"05-09-2025 22:00","1746828007","0.14"
"05-09-2025 23:00","1746831606","0.14"
"05-10-2025 00:00","1746835206","0.14"
"05-10-2025 01:00","1746838806","0.14"
"05-10-2025 02:00","1746842406","0.14"
"05-10-2025 03:00","1746846006","0.14"
"05-10-2025 04:00","1746849606","0.14"
"05-10-2025 05:00","1746853206","0.14"
"05-10-2025 06:00","1746856806","0.14"
"05-10-2025 07:00","1746860406","0.14"
"05-10-2025 08:00","1746864007","0.14"
"05-10-2025 09:00","1746867605","0.14"
"05-10-2025 10:00","1746871206","0.14"
"05-10-2025 11:00","1746874806","0.14"
"05-10-2025 12:00","1746878406","0.14"
"05-10-2025 13:00","1746882006","0.14"
"05-10-2025 14:00","1746885606","0.135"
"05-10-2025 15:00","1746889206","0.135"
"05-10-2025 16:00","1746892807","0.135"
"05-10-2025 17:00","1746896407","0.135"
"05-10-2025 18:00","1746900007","0.135"
"05-10-2025 19:00","1746903606","0.135"
"05-10-2025 20:00","1746907206","0.135"
"05-10-2025 21:00","1746910806","0.135"
"05-10-2025 22:00","1746914406","0.135"
"05-10-2025 23:00","1746918006","0.135"
"05-11-2025 00:00","1746921606","0.135"
"05-11-2025 01:00","1746925206","0.135"
"05-11-2025 02:00","1746928806","0.135"
"05-11-2025 03:00","1746932406","0.135"
"05-11-2025 04:00","1746936006","0.135"
"05-11-2025 05:00","1746939606","0.135"
"05-11-2025 06:00","1746943206","0.135"
"05-11-2025 07:00","1746946807","0.135"
"05-11-2025 08:00","1746950406","0.14"
"05-11-2025 09:00","1746954007","0.14"
"05-11-2025 10:00","1746957607","0.14"
"05-11-2025 11:00","1746961207","0.14"
"05-11-2025 12:00","1746964807","0.14"
"05-11-2025 13:00","1746968406","0.14"
"05-11-2025 14:00","1746972007","0.145"
"05-11-2025 15:00","1746975606","0.145"
"05-11-2025 16:00","1746979207","0.145"
"05-11-2025 17:00","1746982806","0.145"
"05-11-2025 18:00","1746986407","0.145"
"05-11-2025 19:00","1746990007","0.145"
"05-11-2025 20:00","1746993607","0.145"
"05-11-2025 21:00","1746997206","0.145"
"05-11-2025 22:00","1747000806","0.145"
"05-11-2025 23:00","1747004406","0.145"
"05-12-2025 00:00","1747008006","0.145"
"05-12-2025 01:00","1747011606","0.145"
"05-12-2025 02:00","1747015206","0.145"
"05-12-2025 03:00","1747018806","0.145"
"05-12-2025 04:00","1747022406","0.145"
"05-12-2025 05:00","1747026006","0.145"
"05-12-2025 06:00","1747029607","0.145"
"05-12-2025 07:00","1747033206","0.145"
"05-12-2025 08:00","1747036806","0.145"
"05-12-2025 09:00","1747040406","0.145"
"05-12-2025 10:00","1747044006","0.145"
"05-12-2025 11:00","1747047607","0.145"
"05-12-2025 12:00","1747051206","0.145"
"05-12-2025 13:00","1747054806","0.145"
"05-12-2025 14:00","1747058406","0.145"
"05-12-2025 15:00","1747062007","0.145"
"05-12-2025 16:00","1747065606","0.145"
"05-12-2025 17:00","1747069206","0.145"
"05-12-2025 18:00","1747072805","0.145"
"05-12-2025 19:00","1747076406","0.145"
"05-12-2025 20:00","1747080007","0.145"
"05-12-2025 21:00","1747083607","0.145"
"05-12-2025 22:00","1747087205","0.145"
"05-12-2025 23:00","1747090806","0.145"
"05-13-2025 00:00","1747094406","0.145"
"05-13-2025 01:00","1747098007","0.145"
"05-13-2025 02:00","1747101606","0.145"
"05-13-2025 03:00","1747105207","0.145"
"05-13-2025 04:00","1747108806","0.145"
"05-13-2025 05:00","1747112407","0.145"
"05-13-2025 06:00","1747116007","0.145"
"05-13-2025 07:00","1747119607","0.145"
"05-13-2025 08:00","1747123206","0.145"
"05-13-2025 09:00","1747126807","0.145"
"05-13-2025 10:00","1747130406","0.145"
"05-13-2025 11:00","1747134007","0.145"
"05-13-2025 12:00","1747137607","0.145"
"05-13-2025 13:00","1747141207","0.145"
"05-13-2025 14:00","1747144806","0.145"
"05-13-2025 15:00","1747148406","0.145"
"05-13-2025 16:00","1747152007","0.145"
"05-13-2025 17:00","1747155607","0.145"
"05-13-2025 18:00","1747159207","0.145"
"05-13-2025 19:00","1747162806","0.145"
"05-13-2025 20:00","1747166407","0.145"
"05-13-2025 21:00","1747170007","0.145"
"05-13-2025 22:00","1747173607","0.145"
"05-13-2025 23:00","1747177207","0.145"
"05-14-2025 00:00","1747180807","0.145"
"05-14-2025 01:00","1747184407","0.145"
"05-14-2025 02:00","1747188007","0.145"
"05-14-2025 03:00","1747191606","0.145"
"05-14-2025 04:00","1747195207","0.145"
"05-14-2025 05:00","1747198807","0.145"
"05-14-2025 06:00","1747202408","0.145"
"05-14-2025 07:00","1747206006","0.145"
"05-14-2025 08:00","1747209607","0.145"
"05-14-2025 09:00","1747213206","0.145"
"05-14-2025 10:00","1747216807","0.145"
"05-14-2025 11:00","1747220407","0.145"
"05-14-2025 12:00","1747224007","0.145"
"05-14-2025 13:00","1747227607","0.145"
"05-14-2025 14:00","1747231207","0.145"
"05-14-2025 15:00","1747234806","0.145"
"05-14-2025 16:00","1747238408","0.145"
"05-14-2025 17:00","1747242007","0.145"
"05-14-2025 18:00","1747245606","0.145"
"05-14-2025 19:00","1747249207","0.145"
"05-14-2025 20:00","1747252807","0.145"
"05-14-2025 21:00","1747256406","0.145"
"05-14-2025 22:00","1747260006","0.145"
"05-14-2025 23:00","1747263606","0.145"
"05-15-2025 00:00","1747267207","0.145"
"05-15-2025 01:00","1747270806","0.145"
"05-15-2025 02:00","1747274407","0.145"
"05-15-2025 03:00","1747278006","0.145"
"05-15-2025 04:00","1747281607","0.145"
"05-15-2025 05:00","1747285207","0.145"
"05-15-2025 06:00","1747288807","0.145"
"05-15-2025 07:00","1747292407","0.145"
"05-15-2025 08:00","1747296006","0.145"
"05-15-2025 09:00","1747299606","0.145"
"05-15-2025 10:00","1747303207","0.145"
"05-15-2025 11:00","1747306807","0.145"
"05-15-2025 12:00","1747310407","0.145"
"05-15-2025 13:00","1747314007","0.145"
"05-15-2025 14:00","1747317607","0.145"
"05-15-2025 15:00","1747321206","0.145"
"05-15-2025 16:00","1747324807","0.145"
"05-15-2025 17:00","1747328406","0.145"
"05-15-2025 18:00","1747332007","0.145"
"05-15-2025 19:00","1747335607","0.145"
"05-15-2025 20:00","1747339207","0.145"
"05-15-2025 21:00","1747342806","0.145"
"05-15-2025 22:00","1747346406","0.145"
"05-15-2025 23:00","1747350006","0.145"
"05-16-2025 00:00","1747353606","0.145"
"05-16-2025 01:00","1747357207","0.145"
"05-16-2025 02:00","1747360806","0.145"
"05-16-2025 03:00","1747364406","0.145"
"05-16-2025 04:00","1747368006","0.145"
"05-16-2025 05:00","1747371606","0.145"
"05-16-2025 06:00","1747375206","0.145"
"05-16-2025 07:00","1747378807","0.145"
"05-16-2025 08:00","1747382406","0.145"
"05-16-2025 09:00","1747386006","0.145"
"05-16-2025 10:00","1747389607","0.145"
"05-16-2025 11:00","1747393207","0.145"
"05-16-2025 12:00","1747396806","0.145"
"05-16-2025 13:00","1747400407","0.145"
"05-16-2025 14:00","1747404007","0.145"
"05-16-2025 15:00","1747407606","0.145"
"05-16-2025 16:00","1747411207","0.145"
"05-16-2025 17:00","1747414807","0.145"
"05-16-2025 18:00","1747418407","0.145"
"05-16-2025 19:00","1747422007","0.145"
"05-16-2025 20:00","1747425607","0.145"
"05-16-2025 21:00","1747429206","0.145"
"05-16-2025 22:00","1747432807","0.145"
"05-16-2025 23:00","1747436407","0.145"
"05-17-2025 00:00","1747440007","0.145"
"05-17-2025 01:00","1747443606","0.145"
"05-17-2025 02:00","1747447206","0.145"
"05-17-2025 03:00","1747450807","0.145"
"05-17-2025 04:00","1747454407","0.145"
"05-17-2025 05:00","1747458006","0.145"
"05-17-2025 06:00","1747461607","0.145"
"05-17-2025 07:00","1747465206","0.145"
"05-17-2025 08:00","1747468806","0.145"
"05-17-2025 09:00","1747472406","0.145"
"05-17-2025 10:00","1747476006","0.145"
"05-17-2025 11:00","1747479606","0.145"
"05-17-2025 12:00","1747483206","0.145"
"05-17-2025 13:00","1747486807","0.145"
"05-17-2025 14:00","1747490406","0.145"
"05-17-2025 15:00","1747494006","0.145"
"05-17-2025 16:00","1747497607","0.145"
"05-17-2025 17:00","1747501205","0.145"
"05-17-2025 18:00","1747504806","0.145"
"05-17-2025 19:00","1747508406","0.145"
"05-17-2025 20:00","1747512007","0.145"
"05-17-2025 21:00","1747515606","0.145"
"05-17-2025 22:00","1747519207","0.145"
"05-17-2025 23:00","1747522806","0.145"
"05-18-2025 00:00","1747526406","0.145"
"05-18-2025 01:00","1747530007","0.145"
"05-18-2025 02:00","1747533606","0.145"
"05-18-2025 03:00","1747537206","0.145"
"05-18-2025 04:00","1747540806","0.145"
"05-18-2025 05:00","1747544405","0.145"
"05-18-2025 06:00","1747548007","0.145"
"05-18-2025 07:00","1747551605","0.145"
"05-18-2025 08:00","1747555207","0.145"
"05-18-2025 09:00","1747558807","0.145"
"05-18-2025 10:00","1747562407","0.145"
"05-18-2025 11:00","1747566006","0.145"
"05-18-2025 12:00","1747569607","0.145"
"05-18-2025 13:00","1747573206","0.145"
"05-18-2025 14:00","1747576806","0.145"
"05-18-2025 15:00","1747580406","0.145"
"05-18-2025 16:00","1747584006","0.145"
"05-18-2025 17:00","1747587606","0.145"
"05-18-2025 18:00","1747591206","0.145"
"05-18-2025 19:00","1747594806","0.145"
"05-18-2025 20:00","1747598406","0.145"
"05-18-2025 21:00","1747602006","0.145"
"05-18-2025 22:00","1747605605","0.145"
"05-18-2025 23:00","1747609206","0.145"
"05-19-2025 00:00","1747612806","0.145"
"05-19-2025 01:00","1747616406","0.145"
"05-19-2025 02:00","1747620006","0.145"
"05-19-2025 03:00","1747623606","0.145"
"05-19-2025 04:00","1747627205","0.145"
"05-19-2025 05:00","1747630805","0.145"
"05-19-2025 06:00","1747634406","0.145"
"05-19-2025 07:00","1747638005","0.145"
"05-19-2025 08:00","1747641605","0.145"
"05-19-2025 09:00","1747645205","0.145"
"05-19-2025 10:00","1747648805","0.145"
"05-19-2025 11:00","1747652405","0.145"
"05-19-2025 12:00","1747656005","0.145"
"05-19-2025 13:00","1747659606","0.145"
"05-19-2025 14:00","1747663205","0.145"
"05-19-2025 15:00","1747666806","0.145"
"05-19-2025 16:00","1747670406","0.145"
"05-19-2025 17:00","1747674006","0.145"
"05-19-2025 18:00","1747677606","0.145"
"05-19-2025 19:00","1747681206","0.145"
"05-19-2025 20:00","1747684806","0.145"
"05-19-2025 21:00","1747688406","0.145"
"05-19-2025 22:00","1747692007","0.145"
"05-19-2025 23:00","1747695606","0.145"
"05-20-2025 00:00","1747699206","0.145"
"05-20-2025 01:00","1747702806","0.145"
"05-20-2025 02:00","1747706406","0.145"
"05-20-2025 03:00","1747710007","0.145"
"05-20-2025 04:00","1747713607","0.145"
"05-20-2025 05:00","1747717206","0.145"
"05-20-2025 06:00","1747720806","0.145"
"05-20-2025 07:00","1747724407","0.145"
"05-20-2025 08:00","1747728006","0.145"
"05-20-2025 09:00","1747731606","0.145"
"05-20-2025 10:00","1747735206","0.145"
"05-20-2025 11:00","1747738806","0.145"
"05-20-2025 12:00","1747742407","0.145"
"05-20-2025 13:00","1747746007","0.145"
"05-20-2025 14:00","1747749606","0.145"
"05-20-2025 15:00","1747753206","0.17"
"05-20-2025 16:00","1747756806","0.18"
"05-20-2025 17:00","1747760406","0.18"
"05-20-2025 18:00","1747764006","0.18"
"05-20-2025 19:00","1747767606","0.18"
"05-20-2025 20:00","1747771206","0.18"
"05-20-2025 21:00","1747774806","0.185"
"05-20-2025 22:00","1747778407","0.185"
"05-20-2025 23:00","1747782007","0.185"
"05-21-2025 00:00","1747785606","0.18"
"05-21-2025 01:00","1747789206","0.18"
"05-21-2025 02:00","1747792807","0.18"
"05-21-2025 03:00","1747796407","0.18"
"05-21-2025 04:00","1747800007","0.18"
"05-21-2025 05:00","1747803608","0.18"
"05-21-2025 06:00","1747807207","0.18"
"05-21-2025 07:00","1747810807","0.175"
"05-21-2025 08:00","1747814406","0.175"
"05-21-2025 09:00","1747818007","0.175"
"05-21-2025 10:00","1747821606","0.17"
"05-21-2025 11:00","1747825207","0.175"
"05-21-2025 12:00","1747828807","0.175"
"05-21-2025 13:00","1747832406","0.175"
"05-21-2025 14:00","1747836007","0.175"
"05-21-2025 15:00","1747839607","0.175"
"05-21-2025 16:00","1747843206","0.175"
"05-21-2025 17:00","1747846807","0.175"
"05-21-2025 18:00","1747850407","0.175"
"05-21-2025 19:00","1747854006","0.175"
"05-21-2025 20:00","1747857607","0.175"
"05-21-2025 21:00","1747861207","0.175"
"05-21-2025 22:00","1747864807","0.175"
"05-21-2025 23:00","1747868407","0.175"
"05-22-2025 00:00","1747872007","0.175"
"05-22-2025 01:00","1747875606","0.175"
"05-22-2025 02:00","1747879207","0.175"
"05-22-2025 03:00","1747882806","0.175"
"05-22-2025 04:00","1747886406","0.175"
"05-22-2025 05:00","1747890007","0.165"
"05-22-2025 06:00","1747893607","0.165"
"05-22-2025 07:00","1747897206","0.165"
"05-22-2025 08:00","1747900806","0.165"
"05-22-2025 09:00","1747904407","0.165"
"05-22-2025 10:00","1747908007","0.165"
"05-22-2025 11:00","1747911606","0.165"
"05-22-2025 12:00","1747915206","0.165"
"05-22-2025 13:00","1747918806","0.165"
"05-22-2025 14:00","1747922406","0.165"
"05-22-2025 15:00","1747926007","0.165"
"05-22-2025 16:00","1747929606","0.165"
"05-22-2025 17:00","1747933207","0.165"
"05-22-2025 18:00","1747936806","0.185"
"05-22-2025 19:00","1747940407","0.185"
"05-22-2025 20:00","1747944006","0.185"
"05-22-2025 21:00","1747947607","0.185"
"05-22-2025 22:00","1747951206","0.185"
"05-22-2025 23:00","1747954807","0.215"
"05-23-2025 00:00","1747958407","0.215"
"05-23-2025 01:00","1747962007","0.205"
"05-23-2025 02:00","1747965607","0.21"
"05-23-2025 03:00","1747969206","0.205"
"05-23-2025 04:00","1747972807","0.215"
"05-23-2025 05:00","1747976406","0.23"
"05-23-2025 06:00","1747980007","0.25"
"05-23-2025 07:00","1747983606","0.25"
"05-23-2025 08:00","1747987207","0.325"
"05-23-2025 09:00","1747990807","0.33"
"05-23-2025 10:00","1747994407","0.26"
"05-23-2025 11:00","1747998006","0.26"
"05-23-2025 12:00","1748001607","0.26"
"05-23-2025 13:00","1748005206","0.26"
"05-23-2025 14:00","1748008806","0.26"
"05-23-2025 15:00","1748012406","0.26"
"05-23-2025 16:00","1748016007","0.26"
"05-23-2025 17:00","1748019607","0.255"
"05-23-2025 18:00","1748023207","0.29"
"05-23-2025 19:00","1748026807","0.29"
"05-23-2025 20:00","1748030407","0.285"
"05-23-2025 21:00","1748034006","0.28"
"05-23-2025 22:00","1748037607","0.275"
"05-23-2025 23:00","1748041207","0.285"
"05-24-2025 00:00","1748044807","0.285"
"05-24-2025 01:00","1748048406","0.285"
"05-24-2025 02:00","1748052006","0.26"
"05-24-2025 03:00","1748055606","0.26"
"05-24-2025 04:00","1748059207","0.26"
"05-24-2025 05:00","1748062807","0.265"
"05-24-2025 06:00","1748066406","0.265"
"05-24-2025 07:00","1748070008","0.255"
"05-24-2025 08:00","1748073607","0.255"
"05-24-2025 09:00","1748077207","0.26"
"05-24-2025 10:00","1748080807","0.26"
"05-24-2025 11:00","1748084407","0.26"
"05-24-2025 12:00","1748088006","0.26"
"05-24-2025 13:00","1748091607","0.26"
"05-24-2025 14:00","1748095207","0.26"
"05-24-2025 15:00","1748098808","0.26"
"05-24-2025 16:00","1748102407","0.26"
"05-24-2025 17:00","1748106007","0.26"
"05-24-2025 18:00","1748109607","0.26"
"05-24-2025 19:00","1748113206","0.26"
"05-24-2025 20:00","1748116807","0.26"
"05-24-2025 21:00","1748120407","0.26"
"05-24-2025 22:00","1748124007","0.255"
"05-24-2025 23:00","1748127607","0.255"
"05-25-2025 00:00","1748131206","0.26"
"05-25-2025 01:00","1748134807","0.26"
"05-25-2025 02:00","1748138407","0.255"
"05-25-2025 03:00","1748142007","0.255"
"05-25-2025 04:00","1748145607","0.255"
"05-25-2025 05:00","1748149207","0.255"
"05-25-2025 06:00","1748152807","0.255"
"05-25-2025 07:00","1748156406","0.255"
"05-25-2025 08:00","1748160006","0.255"
"05-25-2025 09:00","1748163606","0.25"
"05-25-2025 10:00","1748167207","0.25"
"05-25-2025 11:00","1748170807","0.25"
"05-25-2025 12:00","1748174407","0.25"
"05-25-2025 13:00","1748178007","0.25"
"05-25-2025 14:00","1748181606","0.25"
"05-25-2025 15:00","1748185207","0.25"
"05-25-2025 16:00","1748188806","0.25"
"05-25-2025 17:00","1748192406","0.25"
"05-25-2025 18:00","1748196007","0.25"
"05-25-2025 19:00","1748199607","0.25"
"05-25-2025 20:00","1748203206","0.25"
"05-25-2025 21:00","1748206806","0.195"
"05-25-2025 22:00","1748210406","0.2"
"05-25-2025 23:00","1748214006","0.175"
"05-26-2025 00:00","1748217607","0.165"
"05-26-2025 01:00","1748221207","0.18"
"05-26-2025 02:00","1748224806","0.18"
"05-26-2025 03:00","1748228407","0.17"
"05-26-2025 04:00","1748232006","0.175"
"05-26-2025 05:00","1748235607","0.175"
"05-26-2025 06:00","1748239206","0.175"
"05-26-2025 07:00","1748242806","0.175"
"05-26-2025 08:00","1748246406","0.175"
"05-26-2025 09:00","1748250006","0.175"
"05-26-2025 10:00","1748253606","0.175"
"05-26-2025 11:00","1748257206","0.175"
"05-26-2025 12:00","1748260806","0.175"
"05-26-2025 13:00","1748264406","0.18"
"05-26-2025 14:00","1748268006","0.18"
"05-26-2025 15:00","1748271606","0.18"
"05-26-2025 16:00","1748275205","0.18"
"05-26-2025 17:00","1748278806","0.175"
"05-26-2025 18:00","1748282406","0.175"
"05-26-2025 19:00","1748286006","0.175"
"05-26-2025 20:00","1748289607","0.185"
"05-26-2025 21:00","1748293207","0.18"
"05-26-2025 22:00","1748296807","0.18"
"05-26-2025 23:00","1748300407","0.18"
"05-27-2025 00:00","1748304006","0.19"
"05-27-2025 01:00","1748307606","0.19"
"05-27-2025 02:00","1748311206","0.175"
"05-27-2025 03:00","1748314806","0.175"
"05-27-2025 04:00","1748318406","0.175"
"05-27-2025 05:00","1748322007","0.165"
"05-27-2025 06:00","1748325606","0.165"
"05-27-2025 07:00","1748329206","0.165"
"05-27-2025 08:00","1748332806","0.165"
"05-27-2025 09:00","1748336406","0.165"
"05-27-2025 10:00","1748340006","0.165"
"05-27-2025 11:00","1748343606","0.165"
"05-27-2025 12:00","1748347206","0.165"
"05-27-2025 13:00","1748350806","0.165"
"05-27-2025 14:00","1748354406","0.165"
"05-27-2025 15:00","1748358007","0.175"
"05-27-2025 16:00","1748361606","0.175"
"05-27-2025 17:00","1748365206","0.175"
"05-27-2025 18:00","1748368807","0.175"
"05-27-2025 19:00","1748372407","0.175"
"05-27-2025 20:00","1748376006","0.175"
"05-27-2025 21:00","1748379607","0.175"
"05-27-2025 22:00","1748383206","0.175"
"05-27-2025 23:00","1748386807","0.175"
"05-28-2025 00:00","1748390406","0.175"
"05-28-2025 01:00","1748394006","0.175"
"05-28-2025 02:00","1748397606","0.175"
"05-28-2025 03:00","1748401207","0.175"
"05-28-2025 04:00","1748404806","0.175"
"05-28-2025 05:00","1748408405","0.175"
"05-28-2025 06:00","1748412006","0.175"
"05-28-2025 07:00","1748415606","0.175"
"05-28-2025 08:00","1748419207","0.225"
"05-28-2025 09:00","1748422806","0.225"
"05-28-2025 10:00","1748426406","0.225"
"05-28-2025 11:00","1748430007","0.215"
"05-28-2025 12:00","1748433607","0.215"
"05-28-2025 13:00","1748437206","0.215"
"05-28-2025 14:00","1748440806","0.205"
"05-28-2025 15:00","1748444408","0.215"
"05-28-2025 16:00","1748448007","0.215"
"05-28-2025 17:00","1748451607","0.215"
"05-28-2025 18:00","1748455208","0.215"
"05-28-2025 19:00","1748458806","0.205"
"05-28-2025 20:00","1748462406","0.205"
"05-28-2025 21:00","1748466007","0.205"
"05-28-2025 22:00","1748469606","0.205"
"05-28-2025 23:00","1748473207","0.205"
"05-29-2025 00:00","1748476807","0.205"
"05-29-2025 01:00","1748480407","0.205"
"05-29-2025 02:00","1748484007","0.205"
"05-29-2025 03:00","1748487607","0.205"
"05-29-2025 04:00","1748491206","0.205"
"05-29-2025 05:00","1748494806","0.205"
"05-29-2025 06:00","1748498406","0.2"
"05-29-2025 07:00","1748502008","0.2"
"05-29-2025 08:00","1748505607","0.2"
"05-29-2025 09:00","1748509206","0.2"
"05-29-2025 10:00","1748512807","0.2"
"05-29-2025 11:00","1748516406","0.2"
"05-29-2025 12:00","1748520007","0.2"
"05-29-2025 13:00","1748523607","0.2"
"05-29-2025 14:00","1748527206","0.2"
"05-29-2025 15:00","1748530807","0.2"
"05-29-2025 16:00","1748534406","0.2"
"05-29-2025 17:00","1748538007","0.2"
"05-29-2025 18:00","1748541606","0.2"
"05-29-2025 19:00","1748545206","0.2"
"05-29-2025 20:00","1748548807","0.2"
"05-29-2025 21:00","1748552407","0.2"
"05-29-2025 22:00","1748556007","0.2"
"05-29-2025 23:00","1748559607","0.2"
"05-30-2025 00:00","1748563207","0.2"
"05-30-2025 01:00","1748566807","0.2"
"05-30-2025 02:00","1748570406","0.2"
"05-30-2025 03:00","1748574006","0.205"
"05-30-2025 04:00","1748577607","0.205"
"05-30-2025 05:00","1748581207","0.205"
"05-30-2025 06:00","1748584808","0.205"
"05-30-2025 07:00","1748588406","0.205"
"05-30-2025 08:00","1748592007","0.2"
"05-30-2025 09:00","1748595608","0.2"
"05-30-2025 10:00","1748599207","0.2"
"05-30-2025 11:00","1748602807","0.2"
"05-30-2025 12:00","1748606407","0.2"
"05-30-2025 13:00","1748610007","0.2"
"05-30-2025 14:00","1748613608","0.2"
"05-30-2025 15:00","1748617207","0.2"
"05-30-2025 16:00","1748620807","0.2"
"05-30-2025 17:00","1748624408","0.2"
"05-30-2025 18:00","1748628008","0.2"
"05-30-2025 19:00","1748631607","0.2"
"05-30-2025 20:00","1748635208","0.2"
"05-30-2025 21:00","1748638808","0.2"
"05-30-2025 22:00","1748642407","0.2"
"05-30-2025 23:00","1748646008","0.2"
"05-31-2025 00:00","1748649607","0.2"
"05-31-2025 01:00","1748653209","0.2"
"05-31-2025 02:00","1748656807","0.2"
"05-31-2025 03:00","1748660407","0.2"
"05-31-2025 04:00","1748664008","0.2"
"05-31-2025 05:00","1748667608","0.2"
"05-31-2025 06:00","1748671206","0.2"
"05-31-2025 07:00","1748674807","0.2"
"05-31-2025 08:00","1748678407","0.2"
"05-31-2025 09:00","1748682007","0.2"
"05-31-2025 10:00","1748685607","0.2"
"05-31-2025 11:00","1748689206","0.2"
"05-31-2025 12:00","1748692807","0.2"
"05-31-2025 13:00","1748696408","0.2"
"05-31-2025 14:00","1748700008","0.2"
"05-31-2025 15:00","1748703607","0.2"
"05-31-2025 16:00","1748707207","0.2"
"05-31-2025 17:00","1748710806","0.2"
"05-31-2025 18:00","1748714407","0.2"
"05-31-2025 19:00","1748718007","0.2"
"05-31-2025 20:00","1748721607","0.2"
"05-31-2025 21:00","1748725206","0.2"
"05-31-2025 22:00","1748728806","0.2"
"05-31-2025 23:00","1748732407","0.2"
"06-01-2025 00:00","1748736007","0.2"
"06-01-2025 01:00","1748739607","0.2"
"06-01-2025 02:00","1748743206","0.2"
"06-01-2025 03:00","1748746807","0.2"
"06-01-2025 04:00","1748750407","0.2"
"06-01-2025 05:00","1748754006","0.2"
"06-01-2025 06:00","1748757607","0.195"
"06-01-2025 07:00","1748761207","0.195"
"06-01-2025 08:00","1748764807","0.195"
"06-01-2025 09:00","1748768407","0.195"
"06-01-2025 10:00","1748772006","0.195"
"06-01-2025 11:00","1748775606","0.195"
"06-01-2025 12:00","1748779207","0.195"
"06-01-2025 13:00","1748782806","0.195"
"06-01-2025 14:00","1748786407","0.195"
"06-01-2025 15:00","1748790007","0.195"
"06-01-2025 16:00","1748793607","0.195"
"06-01-2025 17:00","1748797207","0.195"
"06-01-2025 18:00","1748800806","0.195"
"06-01-2025 19:00","1748804406","0.195"
"06-01-2025 20:00","1748808007","0.195"
"06-01-2025 21:00","1748811607","0.195"
"06-01-2025 22:00","1748815206","0.195"
"06-01-2025 23:00","1748818806","0.195"
"06-02-2025 00:00","1748822406","0.195"
"06-02-2025 01:00","1748826007","0.195"
"06-02-2025 02:00","1748829606","0.195"
"06-02-2025 03:00","1748833206","0.195"
"06-02-2025 04:00","1748836806","0.195"
"06-02-2025 05:00","1748840406","0.195"
"06-02-2025 06:00","1748844006","0.195"
"06-02-2025 07:00","1748847606","0.195"
"06-02-2025 08:00","1748851207","0.195"
"06-02-2025 09:00","1748854807","0.195"
"06-02-2025 10:00","1748858406","0.195"
"06-02-2025 11:00","1748862006","0.195"
"06-02-2025 12:00","1748865607","0.195"
"06-02-2025 13:00","1748869206","0.195"
"06-02-2025 14:00","1748872807","0.195"
"06-02-2025 15:00","1748876405","0.19"
"06-02-2025 16:00","1748880007","0.19"
"06-02-2025 17:00","1748883606","0.19"
"06-02-2025 18:00","1748887207","0.19"
"06-02-2025 19:00","1748890807","0.19"
"06-02-2025 20:00","1748894406","0.19"
"06-02-2025 21:00","1748898007","0.19"
"06-02-2025 22:00","1748901607","0.185"
"06-02-2025 23:00","1748905207","0.185"
"06-03-2025 00:00","1748908807","0.185"
"06-03-2025 01:00","1748912406","0.185"
"06-03-2025 02:00","1748916006","0.185"
"06-03-2025 03:00","1748919607","0.185"
"06-03-2025 04:00","1748923207","0.185"
"06-03-2025 05:00","1748926807","0.185"
"06-03-2025 06:00","1748930407","0.185"
"06-03-2025 07:00","1748934006","0.185"
"06-03-2025 08:00","1748937605","0.185"
"06-03-2025 09:00","1748941206","0.185"
"06-03-2025 10:00","1748944806","0.185"
"06-03-2025 11:00","1748948406","0.185"
"06-03-2025 12:00","1748952006","0.185"
"06-03-2025 13:00","1748955606","0.185"
"06-03-2025 14:00","1748959206","0.185"
"06-03-2025 15:00","1748962806","0.185"
"06-03-2025 16:00","1748966406","0.185"
"06-03-2025 17:00","1748970006","0.185"
"06-03-2025 18:00","1748973606","0.185"
"06-03-2025 19:00","1748977206","0.185"
"06-03-2025 20:00","1748980806","0.185"
"06-03-2025 21:00","1748984406","0.185"
"06-03-2025 22:00","1748988006","0.185"
"06-03-2025 23:00","1748991605","0.185"
"06-04-2025 00:00","1748995206","0.185"
"06-04-2025 01:00","1748998806","0.185"
"06-04-2025 02:00","1749002407","0.185"
"06-04-2025 03:00","1749006006","0.185"
"06-04-2025 04:00","1749009606","0.185"
"06-04-2025 05:00","1749013206","0.185"
"06-04-2025 06:00","1749016806","0.185"
"06-04-2025 07:00","1749020405","0.185"
"06-04-2025 08:00","1749024006","0.185"
"06-04-2025 09:00","1749027606","0.185"
"06-04-2025 10:00","1749031206","0.185"
"06-04-2025 11:00","1749034806","0.185"
"06-04-2025 12:00","1749038406","0.185"
"06-04-2025 13:00","1749042006","0.185"
"06-04-2025 14:00","1749045606","0.185"
"06-04-2025 15:00","1749049205","0.185"
"06-04-2025 16:00","1749052806","0.185"
"06-04-2025 17:00","1749056405","0.185"
"06-04-2025 18:00","1749060006","0.185"
"06-04-2025 19:00","1749063606","0.185"
"06-04-2025 20:00","1749067206","0.185"
"06-04-2025 21:00","1749070806","0.185"
"06-04-2025 22:00","1749074406","0.185"
"06-04-2025 23:00","1749078006","0.185"
"06-05-2025 00:00","1749081606","0.185"
"06-05-2025 01:00","1749085206","0.185"
"06-05-2025 02:00","1749088806","0.185"
"06-05-2025 03:00","1749092406","0.185"
"06-05-2025 04:00","1749096005","0.185"
"06-05-2025 05:00","1749099606","0.185"
"06-05-2025 06:00","1749103206","0.185"
"06-05-2025 07:00","1749106806","0.185"
"06-05-2025 08:00","1749110406","0.185"
"06-05-2025 09:00","1749114006","0.185"
"06-05-2025 10:00","1749117606","0.185"
"06-05-2025 11:00","1749121206","0.185"
"06-05-2025 12:00","1749124806","0.185"
"06-05-2025 13:00","1749128405","0.185"
"06-05-2025 14:00","1749132006","0.185"
"06-05-2025 15:00","1749135606","0.185"
"06-05-2025 16:00","1749139206","0.185"
"06-05-2025 17:00","1749142806","0.185"
"06-05-2025 18:00","1749146407","0.185"
"06-05-2025 19:00","1749150006","0.185"
"06-05-2025 20:00","1749153606","0.185"
"06-05-2025 21:00","1749157207","0.185"
"06-05-2025 22:00","1749160807","0.185"
"06-05-2025 23:00","1749164406","0.185"
"06-06-2025 00:00","1749168006","0.185"
"06-06-2025 01:00","1749171607","0.185"
"06-06-2025 02:00","1749175206","0.185"
"06-06-2025 03:00","1749178806","0.185"
"06-06-2025 04:00","1749182406","0.185"
"06-06-2025 05:00","1749186007","0.185"
"06-06-2025 06:00","1749189607","0.185"
"06-06-2025 07:00","1749193205","0.185"
"06-06-2025 08:00","1749196806","0.185"
"06-06-2025 09:00","1749200407","0.185"
"06-06-2025 10:00","1749204007","0.195"
"06-06-2025 11:00","1749207606","0.195"
"06-06-2025 12:00","1749211206","0.185"
"06-06-2025 13:00","1749214806","0.185"
"06-06-2025 14:00","1749218406","0.185"
"06-06-2025 15:00","1749222006","0.185"
"06-06-2025 16:00","1749225607","0.185"
"06-06-2025 17:00","1749229207","0.185"
"06-06-2025 18:00","1749232807","0.185"
"06-06-2025 19:00","1749236407","0.185"
"06-06-2025 20:00","1749240007","0.185"
"06-06-2025 21:00","1749243607","0.185"
"06-06-2025 22:00","1749247207","0.185"
"06-06-2025 23:00","1749250806","0.19"
"06-07-2025 00:00","1749254407","0.19"
"06-07-2025 01:00","1749258005","0.19"
"06-07-2025 02:00","1749261606","0.19"
"06-07-2025 03:00","1749265207","0.19"
"06-07-2025 04:00","1749268807","0.185"
"06-07-2025 05:00","1749272406","0.195"
"06-07-2025 06:00","1749276006","0.195"
"06-07-2025 07:00","1749279607","0.195"
"06-07-2025 08:00","1749283207","0.195"
"06-07-2025 09:00","1749286808","0.195"
"06-07-2025 10:00","1749290407","0.195"
"06-07-2025 11:00","1749294007","0.2"
"06-07-2025 12:00","1749297608","0.2"
"06-07-2025 13:00","1749301207","0.2"
"06-07-2025 14:00","1749304807","0.2"
"06-07-2025 15:00","1749308408","0.2"
"06-07-2025 16:00","1749312006","0.2"
"06-07-2025 17:00","1749315607","0.2"
"06-07-2025 18:00","1749319207","0.2"
"06-07-2025 19:00","1749322807","0.2"
"06-07-2025 20:00","1749326408","0.2"
"06-07-2025 21:00","1749330008","0.2"
"06-07-2025 22:00","1749333607","0.2"
"06-07-2025 23:00","1749337207","0.2"
"06-08-2025 00:00","1749340807","0.2"
"06-08-2025 01:00","1749344407","0.2"
"06-08-2025 02:00","1749348007","0.2"
"06-08-2025 03:00","1749351606","0.2"
"06-08-2025 04:00","1749355207","0.2"
"06-08-2025 05:00","1749358807","0.195"
"06-08-2025 06:00","1749362407","0.205"
"06-08-2025 07:00","1749366007","0.205"
"06-08-2025 08:00","1749369606","0.2"
"06-08-2025 09:00","1749373206","0.205"
"06-08-2025 10:00","1749376807","0.2"
"06-08-2025 11:00","1749380407","0.2"
"06-08-2025 12:00","1749384007","0.205"
"06-08-2025 13:00","1749387607","0.2"
"06-08-2025 14:00","1749391207","0.205"
"06-08-2025 15:00","1749394807","0.205"
"06-08-2025 16:00","1749398406","0.205"
"06-08-2025 17:00","1749402007","0.2"
"06-08-2025 18:00","1749405607","0.2"
"06-08-2025 19:00","1749409208","0.2"
"06-08-2025 20:00","1749412806","0.205"
"06-08-2025 21:00","1749416407","0.2"
"06-08-2025 22:00","1749420006","0.2"
"06-08-2025 23:00","1749423607","0.205"
"06-09-2025 00:00","1749427207","0.2"
"06-09-2025 01:00","1749430807","0.2"
"06-09-2025 02:00","1749434406","0.2"
"06-09-2025 03:00","1749438006","0.205"
"06-09-2025 04:00","1749441606","0.2"
"06-09-2025 05:00","1749445207","0.2"
"06-09-2025 06:00","1749448807","0.2"
"06-09-2025 07:00","1749452406","0.2"
"06-09-2025 08:00","1749456007","0.2"
"06-09-2025 09:00","1749459607","0.2"
"06-09-2025 10:00","1749463206","0.2"
"06-09-2025 11:00","1749466807","0.2"
"06-09-2025 12:00","1749470407","0.2"
"06-09-2025 13:00","1749474007","0.2"
"06-09-2025 14:00","1749477606","0.195"
"06-09-2025 15:00","1749481207","0.195"
"06-09-2025 16:00","1749484806","0.195"
"06-09-2025 17:00","1749488407","0.195"
"06-09-2025 18:00","1749492007","0.225"
"06-09-2025 19:00","1749495607","0.21"
"06-09-2025 20:00","1749499206","0.21"
"06-09-2025 21:00","1749502806","0.215"
"06-09-2025 22:00","1749506406","0.215"
"06-09-2025 23:00","1749510007","0.215"
"06-10-2025 00:00","1749513606","0.22"
"06-10-2025 01:00","1749517206","0.215"
"06-10-2025 02:00","1749520806","0.225"
"06-10-2025 03:00","1749524407","0.23"
"06-10-2025 04:00","1749528006","0.23"
"06-10-2025 05:00","1749531607","0.23"
"06-10-2025 06:00","1749535207","0.23"
"06-10-2025 07:00","1749538807","0.23"
"06-10-2025 08:00","1749542407","0.23"
"06-10-2025 09:00","1749546006","0.23"
"06-10-2025 10:00","1749549607","0.23"
"06-10-2025 11:00","1749553207","0.23"
"06-10-2025 12:00","1749556807","0.23"
"06-10-2025 13:00","1749560407","0.23"
"06-10-2025 14:00","1749564007","0.23"
"06-10-2025 15:00","1749567607","0.23"
"06-10-2025 16:00","1749571207","0.23"
"06-10-2025 17:00","1749574807","0.23"
"06-10-2025 18:00","1749578407","0.23"
"06-10-2025 19:00","1749582007","0.23"
"06-10-2025 20:00","1749585607","0.23"
"06-10-2025 21:00","1749589207","0.23"
"06-10-2025 22:00","1749592807","0.23"
"06-10-2025 23:00","1749596407","0.235"
"06-11-2025 00:00","1749600007","0.235"
"06-11-2025 01:00","1749603607","0.235"
"06-11-2025 02:00","1749607207","0.235"
"06-11-2025 03:00","1749610806","0.235"
"06-11-2025 04:00","1749614407","0.235"
"06-11-2025 05:00","1749618007","0.235"
"06-11-2025 06:00","1749621606","0.235"
"06-11-2025 07:00","1749625207","0.235"
"06-11-2025 08:00","1749628807","0.235"
"06-11-2025 09:00","1749632407","0.235"
"06-11-2025 10:00","1749636007","0.235"
"06-11-2025 11:00","1749639607","0.235"
"06-11-2025 12:00","1749643207","0.235"
"06-11-2025 13:00","1749646807","0.235"
"06-11-2025 14:00","1749650408","0.235"
"06-11-2025 15:00","1749654008","0.235"
"06-11-2025 16:00","1749657607","0.235"
"06-11-2025 17:00","1749661207","0.235"
"06-11-2025 18:00","1749664807","0.325"
"06-11-2025 19:00","1749668407","0.285"
"06-11-2025 20:00","1749672008","0.285"
"06-11-2025 21:00","1749675606","0.28"
"06-11-2025 22:00","1749679208","0.365"
"06-11-2025 23:00","1749682807","0.36"
"06-12-2025 00:00","1749686407","0.36"
"06-12-2025 01:00","1749690007","0.365"
"06-12-2025 02:00","1749693606","0.375"
"06-12-2025 03:00","1749697207","0.385"
"06-12-2025 04:00","1749700807","0.385"
"06-12-2025 05:00","1749704406","0.375"
"06-12-2025 06:00","1749708007","0.375"
"06-12-2025 07:00","1749711606","0.345"
"06-12-2025 08:00","1749715208","0.335"
"06-12-2025 09:00","1749718808","0.345"
"06-12-2025 10:00","1749722407","0.345"
"06-12-2025 11:00","1749726007","0.345"
"06-12-2025 12:00","1749729607","0.345"
"06-12-2025 13:00","1749733207","0.35"
"06-12-2025 14:00","1749736807","0.42"
"06-12-2025 15:00","1749740407","0.535"
"06-12-2025 16:00","1749744008","0.48"
"06-12-2025 17:00","1749747607","0.44"
"06-12-2025 18:00","1749751207","0.445"
"06-12-2025 19:00","1749754808","0.46"
"06-12-2025 20:00","1749758407","0.415"
"06-12-2025 21:00","1749762007","0.41"
"06-12-2025 22:00","1749765607","0.375"
"06-12-2025 23:00","1749769208","0.325"
"06-13-2025 00:00","1749772807","0.335"
"06-13-2025 01:00","1749776407","0.41"
"06-13-2025 02:00","1749780008","0.49"
"06-13-2025 03:00","1749783608","0.47"
"06-13-2025 04:00","1749787207","0.43"
"06-13-2025 05:00","1749790807","0.425"
"06-13-2025 06:00","1749794407","0.435"
"06-13-2025 08:00","1749801609","0.345"
"06-13-2025 09:00","1749805208","0.34"
"06-13-2025 10:00","1749808807","0.31"
"06-13-2025 11:00","1749812408","0.3"
"06-13-2025 12:00","1749816008","0.31"
"06-13-2025 13:00","1749819609","0.365"
"06-13-2025 14:00","1749823209","0.395"
"06-13-2025 15:00","1749826808","0.375"
"06-13-2025 16:00","1749830408","0.34"
"06-13-2025 17:00","1749834008","0.345"
"06-13-2025 18:00","1749837607","0.32"
"06-13-2025 19:00","1749841207","0.46"
"06-13-2025 20:00","1749844807","0.415"
"06-13-2025 21:00","1749848407","0.37"
"06-13-2025 22:00","1749852008","0.385"
"06-13-2025 23:00","1749855608","0.365"
"06-14-2025 00:00","1749859208","0.395"
"06-14-2025 01:00","1749862808","0.4"
"06-14-2025 02:00","1749866407","0.39"
"06-14-2025 03:00","1749870008","0.365"
"06-14-2025 04:00","1749873607","0.335"
"06-14-2025 05:00","1749877207","0.345"
"06-14-2025 06:00","1749880807","0.355"
"06-14-2025 07:00","1749884408","0.34"
"06-14-2025 08:00","1749888009","0.34"
"06-14-2025 09:00","1749891608","0.34"
"06-14-2025 10:00","1749895209","0.335"
"06-14-2025 11:00","1749898807","0.305"
"06-14-2025 12:00","1749902407","0.33"
"06-14-2025 13:00","1749906008","0.3"
"06-14-2025 14:00","1749909608","0.335"
"06-14-2025 15:00","1749913207","0.335"
"06-14-2025 16:00","1749916809","0.465"
"06-14-2025 17:00","1749920408","0.475"
"06-14-2025 18:00","1749924007","0.4"
"06-14-2025 19:00","1749927607","0.4"
"06-14-2025 20:00","1749931207","0.435"
"06-14-2025 21:00","1749934808","0.575"
"06-14-2025 22:00","1749938408","0.425"
"06-14-2025 23:00","1749942007","0.41"
"06-15-2025 00:00","1749945608","0.4"
"06-15-2025 01:00","1749949209","0.395"
"06-15-2025 02:00","1749952807","0.405"
"06-15-2025 03:00","1749956408","0.405"
"06-15-2025 04:00","1749960007","0.385"
"06-15-2025 05:00","1749963607","0.41"
"06-15-2025 06:00","1749967209","0.405"
"06-15-2025 07:00","1749970807","0.405"
"06-15-2025 08:00","1749974408","0.4"
"06-15-2025 09:00","1749978008","0.395"
"06-15-2025 10:00","1749981607","0.395"
"06-15-2025 11:00","1749985207","0.395"
"06-15-2025 12:00","1749988807","0.395"
"06-15-2025 13:00","1749992407","0.395"
"06-15-2025 14:00","1749996007","0.39"
"06-15-2025 15:00","1749999607","0.375"
"06-15-2025 16:00","1750003207","0.385"
"06-15-2025 17:00","1750006807","0.38"
"06-15-2025 18:00","1750010406","0.315"
"06-15-2025 19:00","1750014007","0.305"
"06-15-2025 20:00","1750017607","0.33"
"06-15-2025 21:00","1750021207","0.31"
"06-15-2025 22:00","1750024808","0.335"
"06-15-2025 23:00","1750028407","0.365"
"06-16-2025 00:00","1750032007","0.35"
"06-16-2025 01:00","1750035606","0.35"
"06-16-2025 02:00","1750039206","0.34"
"06-16-2025 03:00","1750042807","0.34"
"06-16-2025 04:00","1750046407","0.33"
"06-16-2025 05:00","1750050007","0.335"
"06-16-2025 06:00","1750053607","0.33"
"06-16-2025 07:00","1750057207","0.32"
"06-16-2025 08:00","1750060808","0.315"
"06-16-2025 09:00","1750064407","0.32"
"06-16-2025 10:00","1750068007","0.305"
"06-16-2025 11:00","1750071607","0.305"
"06-16-2025 12:00","1750075208","0.31"
"06-16-2025 13:00","1750078806","0.305"
"06-16-2025 14:00","1750082407","0.31"
"06-16-2025 15:00","1750086007","0.24"
"06-16-2025 16:00","1750089608","0.225"
"06-16-2025 17:00","1750093207","0.26"
"06-16-2025 18:00","1750096808","0.26"
"06-16-2025 19:00","1750100408","0.25"
"06-16-2025 20:00","1750104008","0.265"
"06-16-2025 21:00","1750107608","0.265"
"06-16-2025 22:00","1750111208","0.27"
"06-16-2025 23:00","1750114807","0.29"
"06-17-2025 00:00","1750118408","0.29"
"06-17-2025 01:00","1750122008","0.285"
"06-17-2025 02:00","1750125607","0.29"
"06-17-2025 03:00","1750129207","0.29"
"06-17-2025 04:00","1750132808","0.29"
"06-17-2025 05:00","1750136408","0.285"
"06-17-2025 06:00","1750140007","0.29"
"06-17-2025 07:00","1750143608","0.3"
"06-17-2025 08:00","1750147207","0.305"
"06-17-2025 09:00","1750150807","0.315"
"06-17-2025 10:00","1750154407","0.315"
"06-17-2025 11:00","1750158007","0.325"
"06-17-2025 12:00","1750161606","0.325"
"06-17-2025 13:00","1750165207","0.31"
"06-17-2025 14:00","1750168808","0.31"
"06-17-2025 15:00","1750172407","0.3"
"06-17-2025 16:00","1750176008","0.285"
"06-17-2025 17:00","1750179607","0.255"
"06-17-2025 18:00","1750183207","0.27"
"06-17-2025 19:00","1750186808","0.275"
"06-17-2025 20:00","1750190408","0.28"
"06-17-2025 21:00","1750194008","0.415"
"06-17-2025 22:00","1750197608","0.395"
"06-17-2025 23:00","1750201207","0.425"
"06-18-2025 00:00","1750204808","0.43"
"06-18-2025 01:00","1750208408","0.41"
"06-18-2025 02:00","1750212008","0.385"
"06-18-2025 03:00","1750215608","0.355"
"06-18-2025 04:00","1750219207","0.35"
"06-18-2025 05:00","1750222808","0.35"
"06-18-2025 06:00","1750226408","0.345"
"06-18-2025 07:00","1750230008","0.435"
"06-18-2025 08:00","1750233608","0.405"
"06-18-2025 09:00","1750237208","0.345"
"06-18-2025 10:00","1750240807","0.32"
"06-18-2025 11:00","1750244408","0.325"
"06-18-2025 12:00","1750248007","0.315"
"06-18-2025 13:00","1750251607","0.32"
"06-18-2025 14:00","1750255208","0.325"
"06-18-2025 15:00","1750258807","0.265"
"06-18-2025 16:00","1750262408","0.295"
"06-18-2025 17:00","1750266008","0.33"
"06-18-2025 18:00","1750269607","0.345"
"06-18-2025 19:00","1750273207","0.355"
"06-18-2025 20:00","1750276808","0.305"
"06-18-2025 21:00","1750280408","0.32"
"06-18-2025 22:00","1750284007","0.335"
"06-18-2025 23:00","1750287607","0.365"
"06-19-2025 00:00","1750291207","0.375"
"06-19-2025 01:00","1750294807","0.37"
"06-19-2025 02:00","1750298408","0.37"
"06-19-2025 03:00","1750302007","0.37"
"06-19-2025 04:00","1750305608","0.365"
"06-19-2025 05:00","1750309208","0.36"
"06-19-2025 06:00","1750312808","0.36"
"06-19-2025 07:00","1750316408","0.36"
"06-19-2025 08:00","1750320007","0.36"
"06-19-2025 09:00","1750323607","0.365"
"06-19-2025 10:00","1750327208","0.365"
"06-19-2025 11:00","1750330807","0.365"
"06-19-2025 12:00","1750334407","0.37"
"06-19-2025 13:00","1750338007","0.365"
"06-19-2025 14:00","1750341608","0.365"
"06-19-2025 15:00","1750345207","0.385"
"06-19-2025 16:00","1750348808","0.385"
"06-19-2025 17:00","1750352408","0.385"
"06-19-2025 18:00","1750356007","0.365"
"06-19-2025 19:00","1750359608","0.315"
"06-19-2025 20:00","1750363208","0.275"
"06-19-2025 21:00","1750366807","0.28"
"06-19-2025 22:00","1750370408","0.285"
"06-19-2025 23:00","1750374007","0.295"
"06-20-2025 00:00","1750377608","0.295"
"06-20-2025 01:00","1750381208","0.295"
"06-20-2025 02:00","1750384807","0.295"
"06-20-2025 03:00","1750388407","0.295"
"06-20-2025 04:00","1750392008","0.295"
"06-20-2025 05:00","1750395607","0.295"
"06-20-2025 06:00","1750399207","0.295"
"06-20-2025 07:00","1750402806","0.295"
"06-20-2025 08:00","1750406408","0.305"
"06-20-2025 09:00","1750410006","0.305"
"06-20-2025 10:00","1750413607","0.305"
"06-20-2025 11:00","1750417207","0.315"
"06-20-2025 12:00","1750420808","0.315"
"06-20-2025 13:00","1750424407","0.325"
"06-20-2025 14:00","1750428007","0.32"
"06-20-2025 15:00","1750431608","0.32"
"06-20-2025 16:00","1750435208","0.32"
"06-20-2025 17:00","1750438808","0.32"
"06-20-2025 18:00","1750442407","0.335"
"06-20-2025 19:00","1750446007","0.335"
"06-20-2025 20:00","1750449608","0.335"
"06-20-2025 21:00","1750453208","0.34"
"06-20-2025 22:00","1750456808","0.34"
"06-20-2025 23:00","1750460407","0.34"
"06-21-2025 00:00","1750464008","0.34"
"06-21-2025 01:00","1750467607","0.35"
"06-21-2025 02:00","1750471209","0.365"
"06-21-2025 03:00","1750474807","0.355"
"06-21-2025 04:00","1750478408","0.355"
"06-21-2025 05:00","1750482007","0.355"
"06-21-2025 06:00","1750485607","0.36"
"06-21-2025 07:00","1750489207","0.365"
"06-21-2025 08:00","1750492807","0.365"
"06-21-2025 09:00","1750496408","0.365"
"06-21-2025 10:00","1750500008","0.35"
"06-21-2025 11:00","1750503608","0.325"
"06-21-2025 12:00","1750507208","0.325"
"06-21-2025 13:00","1750510808","0.325"
"06-21-2025 14:00","1750514407","0.31"
"06-21-2025 15:00","1750518007","0.325"
"06-21-2025 16:00","1750521608","0.335"
"06-21-2025 17:00","1750525208","0.35"
"06-21-2025 18:00","1750528808","0.355"
"06-21-2025 19:00","1750532408","0.35"
"06-21-2025 20:00","1750536008","0.36"
"06-21-2025 21:00","1750539608","0.37"
"06-21-2025 22:00","1750543208","0.37"
"06-21-2025 23:00","1750546807","0.37"
"06-22-2025 00:00","1750550406","0.455"
"06-22-2025 01:00","1750554007","0.545"
"06-22-2025 02:00","1750557607","0.575"
"06-22-2025 03:00","1750561206","0.575"
"06-22-2025 04:00","1750564807","0.52"
"06-22-2025 05:00","1750568406","0.505"
"06-22-2025 06:00","1750572007","0.48"
"06-22-2025 07:00","1750575607","0.455"
"06-22-2025 08:00","1750579207","0.465"
"06-22-2025 09:00","1750582807","0.53"
"06-22-2025 10:00","1750586407","0.585"
"06-22-2025 11:00","1750590006","0.585"
"06-22-2025 12:00","1750593607","0.6"
"06-22-2025 13:00","1750597207","0.58"
"06-22-2025 14:00","1750600807","0.555"
"06-22-2025 15:00","1750604407","0.575"
"06-22-2025 16:00","1750608007","0.5"
"06-22-2025 17:00","1750611607","0.55"
"06-22-2025 18:00","1750615207","0.51"
"06-22-2025 19:00","1750618807","0.465"
"06-22-2025 20:00","1750622407","0.555"
"06-22-2025 21:00","1750626007","0.565"
"06-22-2025 22:00","1750629607","0.515"
"06-22-2025 23:00","1750633207","0.52"
"06-23-2025 00:00","1750636807","0.525"
"06-23-2025 01:00","1750640407","0.495"
"06-23-2025 02:00","1750644007","0.475"
"06-23-2025 03:00","1750647606","0.47"
"06-23-2025 04:00","1750651207","0.48"
"06-23-2025 05:00","1750654807","0.485"
"06-23-2025 06:00","1750658407","0.475"
"06-23-2025 07:00","1750662006","0.46"
"06-23-2025 08:00","1750665606","0.41"
"06-23-2025 09:00","1750669205","0.415"
"06-23-2025 10:00","1750672807","0.425"
"06-23-2025 11:00","1750676406","0.435"
"06-23-2025 12:00","1750680007","0.46"
"06-23-2025 13:00","1750683606","0.45"
"06-23-2025 14:00","1750687206","0.445"
"06-23-2025 15:00","1750690807","0.465"
"06-23-2025 16:00","1750694407","0.46"
"06-23-2025 17:00","1750698006","0.485"
"06-23-2025 18:00","1750701606","0.335"
"06-23-2025 19:00","1750705206","0.27"
"06-23-2025 20:00","1750708806","0.265"
"06-23-2025 21:00","1750712406","0.24"
"06-23-2025 22:00","1750716007","0.275"
"06-23-2025 23:00","1750719606","0.165"
"06-24-2025 00:00","1750723207","0.16"
"06-24-2025 01:00","1750726806","0.17"
"06-24-2025 02:00","1750730407","0.185"
"06-24-2025 03:00","1750734007","0.18"
"06-24-2025 04:00","1750737607","0.17"
"06-24-2025 05:00","1750741206","0.175"
"06-24-2025 06:00","1750744806","0.145"
"06-24-2025 07:00","1750748407","0.14"
"06-24-2025 08:00","1750752007","0.15"
"06-24-2025 09:00","1750755607","0.2"
"06-24-2025 10:00","1750759206","0.235"
"06-24-2025 11:00","1750762807","0.215"
"06-24-2025 12:00","1750766406","0.19"
"06-24-2025 13:00","1750770007","0.175"
"06-24-2025 14:00","1750773607","0.17"
"06-24-2025 15:00","1750777207","0.17"
"06-24-2025 16:00","1750780806","0.175"
"06-24-2025 17:00","1750784406","0.155"
"06-24-2025 18:00","1750788007","0.155"
"06-24-2025 19:00","1750791606","0.155"
"06-24-2025 20:00","1750795206","0.155"
"06-24-2025 21:00","1750798807","0.155"
"06-24-2025 22:00","1750802407","0.165"
"06-24-2025 23:00","1750806007","0.16"
"06-25-2025 00:00","1750809607","0.16"
"06-25-2025 01:00","1750813208","0.16"
"06-25-2025 02:00","1750816808","0.16"
"06-25-2025 03:00","1750820407","0.155"
"06-25-2025 04:00","1750824007","0.155"
"06-25-2025 05:00","1750827607","0.155"
"06-25-2025 06:00","1750831207","0.155"
"06-25-2025 07:00","1750834807","0.155"
"06-25-2025 08:00","1750838408","0.155"
"06-25-2025 09:00","1750842008","0.155"
"06-25-2025 10:00","1750845608","0.165"
"06-25-2025 11:00","1750849208","0.17"
"06-25-2025 12:00","1750852808","0.175"
"06-25-2025 13:00","1750856408","0.18"
"06-25-2025 14:00","1750860008","0.17"
"06-25-2025 15:00","1750863608","0.17"
"06-25-2025 16:00","1750867207","0.17"
"06-25-2025 17:00","1750870807","0.17"
"06-25-2025 18:00","1750874407","0.17"
"06-25-2025 19:00","1750878007","0.18"
"06-25-2025 20:00","1750881608","0.165"
"06-25-2025 21:00","1750885207","0.165"
"06-25-2025 22:00","1750888808","0.17"
"06-25-2025 23:00","1750892408","0.17"
"06-26-2025 00:00","1750896008","0.17"
"06-26-2025 01:00","1750899607","0.175"
"06-26-2025 02:00","1750903207","0.16"
"06-26-2025 03:00","1750906807","0.175"
"06-26-2025 04:00","1750910408","0.175"
"06-26-2025 05:00","1750914007","0.175"
"06-26-2025 06:00","1750917607","0.175"
"06-26-2025 07:00","1750921207","0.175"
"06-26-2025 08:00","1750924807","0.18"
"06-26-2025 09:00","1750928407","0.195"
"06-26-2025 10:00","1750932007","0.195"
"06-26-2025 11:00","1750935607","0.195"
"06-26-2025 12:00","1750939207","0.195"
"06-26-2025 13:00","1750942808","0.195"
"06-26-2025 14:00","1750946407","0.195"
"06-26-2025 15:00","1750950007","0.195"
"06-26-2025 16:00","1750953608","0.195"
"06-26-2025 17:00","1750957207","0.195"
"06-26-2025 18:00","1750960807","0.195"
"06-26-2025 19:00","1750964406","0.185"
"06-26-2025 20:00","1750968008","0.175"
"06-26-2025 21:00","1750971608","0.175"
"06-26-2025 22:00","1750975208","0.165"
"06-26-2025 23:00","1750978807","0.165"
"06-27-2025 00:00","1750982407","0.165"
"06-27-2025 01:00","1750986007","0.165"
"06-27-2025 02:00","1750989608","0.165"
"06-27-2025 03:00","1750993208","0.165"
"06-27-2025 04:00","1750996807","0.175"
"06-27-2025 05:00","1751000407","0.175"
"06-27-2025 06:00","1751004007","0.175"
"06-27-2025 07:00","1751007608","0.175"
"06-27-2025 08:00","1751011207","0.175"
"06-27-2025 09:00","1751014807","0.165"
"06-27-2025 10:00","1751018407","0.165"
"06-27-2025 11:00","1751022008","0.165"
"06-27-2025 12:00","1751025608","0.165"
"06-27-2025 13:00","1751029207","0.175"
"06-27-2025 14:00","1751032808","0.175"
"06-27-2025 15:00","1751036408","0.175"
"06-27-2025 16:00","1751040008","0.175"
"06-27-2025 17:00","1751043608","0.175"
"06-27-2025 18:00","1751047208","0.175"
"06-27-2025 19:00","1751050808","0.175"
"06-27-2025 20:00","1751054408","0.175"
"06-27-2025 21:00","1751058009","0.175"
"06-27-2025 22:00","1751061607","0.175"
"06-27-2025 23:00","1751065208","0.175"
"06-28-2025 00:00","1751068807","0.175"
"06-28-2025 01:00","1751072407","0.175"
"06-28-2025 02:00","1751076008","0.18"
"06-28-2025 03:00","1751079607","0.18"
"06-28-2025 04:00","1751083208","0.18"
"06-28-2025 05:00","1751086807","0.18"
"06-28-2025 06:00","1751090407","0.175"
"06-28-2025 07:00","1751094008","0.175"
"06-28-2025 08:00","1751097607","0.175"
"06-28-2025 09:00","1751101207","0.175"
"06-28-2025 10:00","1751104807","0.175"
"06-28-2025 11:00","1751108407","0.175"
"06-28-2025 12:00","1751112007","0.175"
"06-28-2025 13:00","1751115608","0.175"
"06-28-2025 14:00","1751119207","0.18"
"06-28-2025 15:00","1751122808","0.18"
"06-28-2025 16:00","1751126408","0.155"
"06-28-2025 17:00","1751130008","0.165"
"06-28-2025 18:00","1751133608","0.165"
"06-28-2025 19:00","1751137208","0.165"
"06-28-2025 20:00","1751140807","0.165"
"06-28-2025 21:00","1751144407","0.165"
"06-28-2025 22:00","1751148008","0.165"
"06-28-2025 23:00","1751151608","0.165"
"06-29-2025 00:00","1751155208","0.165"
"06-29-2025 01:00","1751158807","0.165"
"06-29-2025 02:00","1751162407","0.165"
"06-29-2025 03:00","1751166007","0.165"
"06-29-2025 04:00","1751169608","0.165"
"06-29-2025 05:00","1751173208","0.165"
"06-29-2025 06:00","1751176807","0.165"
"06-29-2025 07:00","1751180407","0.165"
"06-29-2025 08:00","1751184007","0.16"
"06-29-2025 09:00","1751187607","0.16"
"06-29-2025 10:00","1751191206","0.16"
"06-29-2025 11:00","1751194807","0.16"
"06-29-2025 12:00","1751198407","0.165"
"06-29-2025 12:50","1751201407","0.16"